release_id,constituency_name,financial_year,installment_number,amount_released,release_date,cumulative_release
REL001001,Patna Sahib,2023-24,1,48883016.99,2023-05-31,48883016.99
REL001002,Patna Sahib,2023-24,2,48883016.99,2023-10-28,97766033.98
REL001003,Patna Sahib,2024-25,1,56161848.22,2024-05-31,56161848.22
REL001004,Patna Sahib,2024-25,2,56161848.21,2024-10-28,112323696.43
REL001005,Patna Sahib,2025-26,1,65035230.05,2025-05-31,65035230.05
REL001006,Patna Sahib,2025-26,2,65035230.06,2025-10-28,130070460.11
REL001007,Varanasi,2023-24,1,55758726.28,2023-05-31,55758726.28
REL001008,Varanasi,2023-24,2,55758726.29,2023-10-28,111517452.57
REL001009,Varanasi,2024-25,1,61359728.49,2024-05-31,61359728.49
REL001010,Varanasi,2024-25,2,61359728.5,2024-10-28,122719456.99
REL001011,Varanasi,2025-26,1,52711003.9,2025-05-31,52711003.9
REL001012,Varanasi,2025-26,2,52711003.9,2025-10-28,105422007.8
REL001013,Kolkata South,2023-24,1,51000053.33,2023-05-31,51000053.33
REL001014,Kolkata South,2023-24,2,51000053.32,2023-10-28,102000106.65
REL001015,Kolkata South,2024-25,1,60036574.75,2024-05-31,60036574.75
REL001016,Kolkata South,2024-25,2,60036574.75,2024-10-28,120073149.5
REL001017,Kolkata South,2025-26,1,45088570.6,2025-05-31,45088570.6
REL001018,Kolkata South,2025-26,2,45088570.61,2025-10-28,90177141.21
REL001019,Ranchi,2023-24,1,58416610.02,2023-05-31,58416610.02
REL001020,Ranchi,2023-24,2,58416610.02,2023-10-28,116833220.04
REL001021,Ranchi,2024-25,1,51706499.65,2024-05-31,51706499.65
REL001022,Ranchi,2024-25,2,51706499.65,2024-10-28,103412999.3
REL001023,Ranchi,2025-26,1,59141102.15,2025-05-31,59141102.15
REL001024,Ranchi,2025-26,2,59141102.14,2025-10-28,118282204.29
REL001025,Ludhiana,2023-24,1,63276663.49,2023-05-31,63276663.49
REL001026,Ludhiana,2023-24,2,63276663.5,2023-10-28,126553326.99
REL001027,Ludhiana,2024-25,1,56311528.96,2024-05-31,56311528.96
REL001028,Ludhiana,2024-25,2,56311528.96,2024-10-28,112623057.92
REL001029,Ludhiana,2025-26,1,60374197.05,2025-05-31,60374197.05
REL001030,Ludhiana,2025-26,2,60374197.04,2025-10-28,120748394.09
REL001031,Mumbai South,2023-24,1,50429632.2,2023-05-31,50429632.2
REL001032,Mumbai South,2023-24,2,50429632.19,2023-10-28,100859264.39
REL001033,Mumbai South,2024-25,1,60932394.81,2024-05-31,60932394.81
REL001034,Mumbai South,2024-25,2,60932394.82,2024-10-28,121864789.63
REL001035,Mumbai South,2025-26,1,54525848.33,2025-05-31,54525848.33
REL001036,Mumbai South,2025-26,2,54525848.32,2025-10-28,109051696.65
REL001037,Jaipur,2023-24,1,51034624.15,2023-05-31,51034624.15
REL001038,Jaipur,2023-24,2,51034624.15,2023-10-28,102069248.3
REL001039,Jaipur,2024-25,1,53004332.52,2024-05-31,53004332.52
REL001040,Jaipur,2024-25,2,53004332.53,2024-10-28,106008665.05
REL001041,Jaipur,2025-26,1,55409922.17,2025-05-31,55409922.17
REL001042,Jaipur,2025-26,2,55409922.18,2025-10-28,110819844.35
REL001043,Bhopal,2023-24,1,55930945.05,2023-05-31,55930945.05
REL001044,Bhopal,2023-24,2,55930945.04,2023-10-28,111861890.09
REL001045,Bhopal,2024-25,1,51285289.91,2024-05-31,51285289.91
REL001046,Bhopal,2024-25,2,51285289.92,2024-10-28,102570579.83
REL001047,Bhopal,2025-26,1,59851394.38,2025-05-31,59851394.38
REL001048,Bhopal,2025-26,2,59851394.37,2025-10-28,119702788.75
REL001049,Gurugram,2023-24,1,48718780.38,2023-05-31,48718780.38
REL001050,Gurugram,2023-24,2,48718780.38,2023-10-28,97437560.76
REL001051,Gurugram,2024-25,1,68438081.13,2024-05-31,68438081.13
REL001052,Gurugram,2024-25,2,68438081.13,2024-10-28,136876162.26
REL001053,Gurugram,2025-26,1,53816784.03,2025-05-31,53816784.03
REL001054,Gurugram,2025-26,2,53816784.03,2025-10-28,107633568.06
REL001055,Raipur,2023-24,1,49552238.33,2023-05-31,49552238.33
REL001056,Raipur,2023-24,2,49552238.33,2023-10-28,99104476.66
REL001057,Raipur,2024-25,1,60395262.95,2024-05-31,60395262.95
REL001058,Raipur,2024-25,2,60395262.96,2024-10-28,120790525.91
REL001059,Raipur,2025-26,1,48646652.97,2025-05-31,48646652.97
REL001060,Raipur,2025-26,2,48646652.97,2025-10-28,97293305.94
REL001061,Guwahati,2023-24,1,48328491.26,2023-05-31,48328491.26
REL001062,Guwahati,2023-24,2,48328491.25,2023-10-28,96656982.51
REL001063,Guwahati,2024-25,1,63390496.95,2024-05-31,63390496.95
REL001064,Guwahati,2024-25,2,63390496.94,2024-10-28,126780993.89
REL001065,Guwahati,2025-26,1,67446667.46,2025-05-31,67446667.46
REL001066,Guwahati,2025-26,2,67446667.46,2025-10-28,134893334.92
REL001067,Bengaluru South,2023-24,1,48515269.39,2023-05-31,48515269.39
REL001068,Bengaluru South,2023-24,2,48515269.39,2023-10-28,97030538.78
REL001069,Bengaluru South,2024-25,1,58304804.26,2024-05-31,58304804.26
REL001070,Bengaluru South,2024-25,2,58304804.25,2024-10-28,116609608.51
REL001071,Bengaluru South,2025-26,1,56004633.13,2025-05-31,56004633.13
REL001072,Bengaluru South,2025-26,2,56004633.14,2025-10-28,112009266.27
REL001073,Visakhapatnam,2023-24,1,55520469.22,2023-05-31,55520469.22
REL001074,Visakhapatnam,2023-24,2,55520469.21,2023-10-28,111040938.43
REL001075,Visakhapatnam,2024-25,1,54610175.31,2024-05-31,54610175.31
REL001076,Visakhapatnam,2024-25,2,54610175.31,2024-10-28,109220350.62
REL001077,Visakhapatnam,2025-26,1,64855489.7,2025-05-31,64855489.7
REL001078,Visakhapatnam,2025-26,2,64855489.69,2025-10-28,129710979.39
REL001079,Hyderabad,2023-24,1,52538126.52,2023-05-31,52538126.52
REL001080,Hyderabad,2023-24,2,52538126.51,2023-10-28,105076253.03
REL001081,Hyderabad,2024-25,1,55858156.4,2024-05-31,55858156.4
REL001082,Hyderabad,2024-25,2,55858156.4,2024-10-28,111716312.8
REL001083,Hyderabad,2025-26,1,47918328.12,2025-05-31,47918328.12
REL001084,Hyderabad,2025-26,2,47918328.13,2025-10-28,95836656.25
REL001085,Bhubaneswar,2023-24,1,48974723.26,2023-05-31,48974723.26
REL001086,Bhubaneswar,2023-24,2,48974723.25,2023-10-28,97949446.51
REL001087,Bhubaneswar,2024-25,1,53069710.67,2024-05-31,53069710.67
REL001088,Bhubaneswar,2024-25,2,53069710.68,2024-10-28,106139421.35
REL001089,Bhubaneswar,2025-26,1,59563821.41,2025-05-31,59563821.41
REL001090,Bhubaneswar,2025-26,2,59563821.4,2025-10-28,119127642.81
REL001091,Gandhinagar,2023-24,1,49134359.33,2023-05-31,49134359.33
REL001092,Gandhinagar,2023-24,2,49134359.33,2023-10-28,98268718.66
REL001093,Gandhinagar,2024-25,1,56209090.07,2024-05-31,56209090.07
REL001094,Gandhinagar,2024-25,2,56209090.07,2024-10-28,112418180.14
REL001095,Gandhinagar,2025-26,1,68529938.2,2025-05-31,68529938.2
REL001096,Gandhinagar,2025-26,2,68529938.21,2025-10-28,137059876.41
REL001097,Dehradun,2023-24,1,56914799.27,2023-05-31,56914799.27
REL001098,Dehradun,2023-24,2,56914799.28,2023-10-28,113829598.55
REL001099,Dehradun,2024-25,1,45862483.74,2024-05-31,45862483.74
REL001100,Dehradun,2024-25,2,45862483.75,2024-10-28,91724967.49
REL001101,Dehradun,2025-26,1,62027950.82,2025-05-31,62027950.82
REL001102,Dehradun,2025-26,2,62027950.82,2025-10-28,124055901.64
REL001103,Shimla,2023-24,1,54514226.45,2023-05-31,54514226.45
REL001104,Shimla,2023-24,2,54514226.46,2023-10-28,109028452.91
REL001105,Shimla,2024-25,1,50755113.53,2024-05-31,50755113.53
REL001106,Shimla,2024-25,2,50755113.53,2024-10-28,101510227.06
REL001107,Shimla,2025-26,1,56328500.85,2025-05-31,56328500.85
REL001108,Shimla,2025-26,2,56328500.86,2025-10-28,112657001.71
REL001109,Srinagar,2023-24,1,52450204.26,2023-05-31,52450204.26
REL001110,Srinagar,2023-24,2,52450204.25,2023-10-28,104900408.51
REL001111,Srinagar,2024-25,1,65460022.5,2024-05-31,65460022.5
REL001112,Srinagar,2024-25,2,65460022.5,2024-10-28,130920045.0
REL001113,Srinagar,2025-26,1,48871450.68,2025-05-31,48871450.68
REL001114,Srinagar,2025-26,2,48871450.68,2025-10-28,97742901.36
REL001115,Thiruvananthapuram,2023-24,1,48323239.96,2023-05-31,48323239.96
REL001116,Thiruvananthapuram,2023-24,2,48323239.96,2023-10-28,96646479.92
REL001117,Thiruvananthapuram,2024-25,1,53252562.43,2024-05-31,53252562.43
REL001118,Thiruvananthapuram,2024-25,2,53252562.43,2024-10-28,106505124.86
REL001119,Thiruvananthapuram,2025-26,1,52662870.49,2025-05-31,52662870.49
REL001120,Thiruvananthapuram,2025-26,2,52662870.49,2025-10-28,105325740.98
REL001121,Chennai Central,2023-24,1,48652253.04,2023-05-31,48652253.04
REL001122,Chennai Central,2023-24,2,48652253.04,2023-10-28,97304506.08
REL001123,Chennai Central,2024-25,1,50564801.75,2024-05-31,50564801.75
REL001124,Chennai Central,2024-25,2,50564801.75,2024-10-28,101129603.5
REL001125,Chennai Central,2025-26,1,54949282.51,2025-05-31,54949282.51
REL001126,Chennai Central,2025-26,2,54949282.51,2025-10-28,109898565.02
REL001127,New Delhi,2023-24,1,47439718.23,2023-05-31,47439718.23
REL001128,New Delhi,2023-24,2,47439718.24,2023-10-28,94879436.47
REL001129,New Delhi,2024-25,1,50727285.9,2024-05-31,50727285.9
REL001130,New Delhi,2024-25,2,50727285.89,2024-10-28,101454571.79
REL001131,New Delhi,2025-26,1,52592263.45,2025-05-31,52592263.45
REL001132,New Delhi,2025-26,2,52592263.46,2025-10-28,105184526.91
REL001133,North Goa,2023-24,1,61812361.45,2023-05-31,61812361.45
REL001134,North Goa,2023-24,2,61812361.46,2023-10-28,123624722.91
REL001135,North Goa,2024-25,1,51572290.37,2024-05-31,51572290.37
REL001136,North Goa,2024-25,2,51572290.36,2024-10-28,103144580.73
REL001137,North Goa,2025-26,1,58248779.77,2025-05-31,58248779.77
REL001138,North Goa,2025-26,2,58248779.77,2025-10-28,116497559.54
REL001139,Sikkim,2023-24,1,54936705.73,2023-05-31,54936705.73
REL001140,Sikkim,2023-24,2,54936705.73,2023-10-28,109873411.46
REL001141,Sikkim,2024-25,1,55688859.81,2024-05-31,55688859.81
REL001142,Sikkim,2024-25,2,55688859.82,2024-10-28,111377719.63
REL001143,Sikkim,2025-26,1,57136015.42,2025-05-31,57136015.42
REL001144,Sikkim,2025-26,2,57136015.43,2025-10-28,114272030.85
REL001145,Shillong,2023-24,1,57722424.64,2023-05-31,57722424.64
REL001146,Shillong,2023-24,2,57722424.64,2023-10-28,115444849.28
REL001147,Shillong,2024-25,1,58872883.9,2024-05-31,58872883.9
REL001148,Shillong,2024-25,2,58872883.9,2024-10-28,117745767.8
REL001149,Shillong,2025-26,1,50597130.84,2025-05-31,50597130.84
REL001150,Shillong,2025-26,2,50597130.84,2025-10-28,101194261.68
REL001151,Inner Manipur,2023-24,1,52963430.01,2023-05-31,52963430.01
REL001152,Inner Manipur,2023-24,2,52963430.0,2023-10-28,105926860.01
REL001153,Inner Manipur,2024-25,1,64328107.13,2024-05-31,64328107.13
REL001154,Inner Manipur,2024-25,2,64328107.14,2024-10-28,128656214.27
REL001155,Inner Manipur,2025-26,1,59164511.31,2025-05-31,59164511.31
REL001156,Inner Manipur,2025-26,2,59164511.32,2025-10-28,118329022.63
REL001157,Mizoram,2023-24,1,60897130.41,2023-05-31,60897130.41
REL001158,Mizoram,2023-24,2,60897130.4,2023-10-28,121794260.81
REL001159,Mizoram,2024-25,1,59486638.43,2024-05-31,59486638.43
REL001160,Mizoram,2024-25,2,59486638.43,2024-10-28,118973276.86
REL001161,Mizoram,2025-26,1,55407931.66,2025-05-31,55407931.66
REL001162,Mizoram,2025-26,2,55407931.66,2025-10-28,110815863.32
REL001163,Nagaland,2023-24,1,54604525.28,2023-05-31,54604525.28
REL001164,Nagaland,2023-24,2,54604525.29,2023-10-28,109209050.57
REL001165,Nagaland,2024-25,1,52403036.64,2024-05-31,52403036.64
REL001166,Nagaland,2024-25,2,52403036.64,2024-10-28,104806073.28
REL001167,Nagaland,2025-26,1,57140146.53,2025-05-31,57140146.53
REL001168,Nagaland,2025-26,2,57140146.53,2025-10-28,114280293.06
REL001169,Tripura West,2023-24,1,56268933.91,2023-05-31,56268933.91
REL001170,Tripura West,2023-24,2,56268933.9,2023-10-28,112537867.81
REL001171,Tripura West,2024-25,1,56981489.24,2024-05-31,56981489.24
REL001172,Tripura West,2024-25,2,56981489.25,2024-10-28,113962978.49
REL001173,Tripura West,2025-26,1,52957777.69,2025-05-31,52957777.69
REL001174,Tripura West,2025-26,2,52957777.69,2025-10-28,105915555.38
REL001175,Arunachal West,2023-24,1,51667136.22,2023-05-31,51667136.22
REL001176,Arunachal West,2023-24,2,51667136.21,2023-10-28,103334272.43
REL001177,Arunachal West,2024-25,1,60940971.25,2024-05-31,60940971.25
REL001178,Arunachal West,2024-25,2,60940971.25,2024-10-28,121881942.5
REL001179,Arunachal West,2025-26,1,61598843.08,2025-05-31,61598843.08
REL001180,Arunachal West,2025-26,2,61598843.08,2025-10-28,123197686.16
REL001181,Chandigarh,2023-24,1,56417717.74,2023-05-31,56417717.74
REL001182,Chandigarh,2023-24,2,56417717.74,2023-10-28,112835435.48
REL001183,Chandigarh,2024-25,1,60812653.45,2024-05-31,60812653.45
REL001184,Chandigarh,2024-25,2,60812653.46,2024-10-28,121625306.91
REL001185,Chandigarh,2025-26,1,53177605.98,2025-05-31,53177605.98
REL001186,Chandigarh,2025-26,2,53177605.99,2025-10-28,106355211.97
REL001187,Puducherry,2023-24,1,50747070.44,2023-05-31,50747070.44
REL001188,Puducherry,2023-24,2,50747070.43,2023-10-28,101494140.87
REL001189,Puducherry,2024-25,1,52122451.13,2024-05-31,52122451.13
REL001190,Puducherry,2024-25,2,52122451.13,2024-10-28,104244902.26
REL001191,Puducherry,2025-26,1,51530236.51,2025-05-31,51530236.51
REL001192,Puducherry,2025-26,2,51530236.5,2025-10-28,103060473.01
REL001193,Dadra and Nagar Haveli,2023-24,1,56583427.76,2023-05-31,56583427.76
REL001194,Dadra and Nagar Haveli,2023-24,2,56583427.75,2023-10-28,113166855.51
REL001195,Dadra and Nagar Haveli,2024-25,1,41566858.55,2024-05-31,41566858.55
REL001196,Dadra and Nagar Haveli,2024-25,2,41566858.56,2024-10-28,83133717.11
REL001197,Dadra and Nagar Haveli,2025-26,1,69183737.82,2025-05-31,69183737.82
REL001198,Dadra and Nagar Haveli,2025-26,2,69183737.82,2025-10-28,138367475.64
REL001199,Daman and Diu,2023-24,1,57399783.11,2023-05-31,57399783.11
REL001200,Daman and Diu,2023-24,2,57399783.11,2023-10-28,114799566.22
REL001201,Daman and Diu,2024-25,1,61390343.55,2024-05-31,61390343.55
REL001202,Daman and Diu,2024-25,2,61390343.55,2024-10-28,122780687.1
REL001203,Daman and Diu,2025-26,1,58616460.67,2025-05-31,58616460.67
REL001204,Daman and Diu,2025-26,2,58616460.67,2025-10-28,117232921.34
REL001205,Lakshadweep,2023-24,1,60129434.31,2023-05-31,60129434.31
REL001206,Lakshadweep,2023-24,2,60129434.31,2023-10-28,120258868.62
REL001207,Lakshadweep,2024-25,1,61962796.75,2024-05-31,61962796.75
REL001208,Lakshadweep,2024-25,2,61962796.75,2024-10-28,123925593.5
REL001209,Lakshadweep,2025-26,1,58396235.19,2025-05-31,58396235.19
REL001210,Lakshadweep,2025-26,2,58396235.18,2025-10-28,116792470.37
REL001211,Haridwar,2023-24,1,64798277.77,2023-05-31,64798277.77
REL001212,Haridwar,2023-24,2,64798277.76,2023-10-28,129596555.53
REL001213,Haridwar,2024-25,1,55577153.57,2024-05-31,55577153.57
REL001214,Haridwar,2024-25,2,55577153.57,2024-10-28,111154307.14
REL001215,Haridwar,2025-26,1,49014369.06,2025-05-31,49014369.06
REL001216,Haridwar,2025-26,2,49014369.06,2025-10-28,98028738.12
REL001217,Vijayawada,2023-24,1,51491710.8,2023-05-31,51491710.8
REL001218,Vijayawada,2023-24,2,51491710.79,2023-10-28,102983421.59
REL001219,Vijayawada,2024-25,1,54071843.95,2024-05-31,54071843.95
REL001220,Vijayawada,2024-25,2,54071843.95,2024-10-28,108143687.9
REL001221,Vijayawada,2025-26,1,53734587.0,2025-05-31,53734587.0
REL001222,Vijayawada,2025-26,2,53734587.0,2025-10-28,107469174.0
REL001223,Bilaspur,2023-24,1,62884550.12,2023-05-31,62884550.12
REL001224,Bilaspur,2023-24,2,62884550.11,2023-10-28,125769100.23
REL001225,Bilaspur,2024-25,1,56990401.88,2024-05-31,56990401.88
REL001226,Bilaspur,2024-25,2,56990401.89,2024-10-28,113980803.77
REL001227,Bilaspur,2025-26,1,50009056.22,2025-05-31,50009056.22
REL001228,Bilaspur,2025-26,2,50009056.22,2025-10-28,100018112.44
REL001229,Arunachal East,2023-24,1,51987242.26,2023-05-31,51987242.26
REL001230,Arunachal East,2023-24,2,51987242.25,2023-10-28,103974484.51
REL001231,Arunachal East,2024-25,1,68903040.03,2024-05-31,68903040.03
REL001232,Arunachal East,2024-25,2,68903040.04,2024-10-28,137806080.07
REL001233,Arunachal East,2025-26,1,52187664.87,2025-05-31,52187664.87
REL001234,Arunachal East,2025-26,2,52187664.86,2025-10-28,104375329.73
REL001235,Wayanad,2023-24,1,53979649.52,2023-05-31,53979649.52
REL001236,Wayanad,2023-24,2,53979649.51,2023-10-28,107959299.03
REL001237,Wayanad,2024-25,1,56123557.94,2024-05-31,56123557.94
REL001238,Wayanad,2024-25,2,56123557.94,2024-10-28,112247115.88
REL001239,Wayanad,2025-26,1,49854689.05,2025-05-31,49854689.05
REL001240,Wayanad,2025-26,2,49854689.05,2025-10-28,99709378.1
REL001241,Jodhpur,2023-24,1,57316904.87,2023-05-31,57316904.87
REL001242,Jodhpur,2023-24,2,57316904.86,2023-10-28,114633809.73
REL001243,Jodhpur,2024-25,1,58566843.34,2024-05-31,58566843.34
REL001244,Jodhpur,2024-25,2,58566843.34,2024-10-28,117133686.68
REL001245,Jodhpur,2025-26,1,54695999.14,2025-05-31,54695999.14
REL001246,Jodhpur,2025-26,2,54695999.14,2025-10-28,109391998.28
REL001247,Pune,2023-24,1,50939953.34,2023-05-31,50939953.34
REL001248,Pune,2023-24,2,50939953.33,2023-10-28,101879906.67
REL001249,Pune,2024-25,1,59074515.19,2024-05-31,59074515.19
REL001250,Pune,2024-25,2,59074515.19,2024-10-28,118149030.38
REL001251,Pune,2025-26,1,59385135.65,2025-05-31,59385135.65
REL001252,Pune,2025-26,2,59385135.64,2025-10-28,118770271.29
REL001253,Dibrugarh,2023-24,1,54134438.02,2023-05-31,54134438.02
REL001254,Dibrugarh,2023-24,2,54134438.02,2023-10-28,108268876.04
REL001255,Dibrugarh,2024-25,1,64101274.67,2024-05-31,64101274.67
REL001256,Dibrugarh,2024-25,2,64101274.67,2024-10-28,128202549.34
REL001257,Dibrugarh,2025-26,1,65189114.83,2025-05-31,65189114.83
REL001258,Dibrugarh,2025-26,2,65189114.83,2025-10-28,130378229.66
REL001259,Ahmedabad East,2023-24,1,54559206.3,2023-05-31,54559206.3
REL001260,Ahmedabad East,2023-24,2,54559206.29,2023-10-28,109118412.59
REL001261,Ahmedabad East,2024-25,1,54025600.9,2024-05-31,54025600.9
REL001262,Ahmedabad East,2024-25,2,54025600.89,2024-10-28,108051201.79
REL001263,Ahmedabad East,2025-26,1,58830667.28,2025-05-31,58830667.28
REL001264,Ahmedabad East,2025-26,2,58830667.29,2025-10-28,117661334.57
REL001265,South Goa,2023-24,1,46887218.9,2023-05-31,46887218.9
REL001266,South Goa,2023-24,2,46887218.9,2023-10-28,93774437.8
REL001267,South Goa,2024-25,1,51191039.56,2024-05-31,51191039.56
REL001268,South Goa,2024-25,2,51191039.56,2024-10-28,102382079.12
REL001269,South Goa,2025-26,1,65651155.56,2025-05-31,65651155.56
REL001270,South Goa,2025-26,2,65651155.57,2025-10-28,131302311.13
REL001271,Bengaluru Central,2023-24,1,56384447.56,2023-05-31,56384447.56
REL001272,Bengaluru Central,2023-24,2,56384447.57,2023-10-28,112768895.13
REL001273,Bengaluru Central,2024-25,1,45863277.58,2024-05-31,45863277.58
REL001274,Bengaluru Central,2024-25,2,45863277.57,2024-10-28,91726555.15
REL001275,Bengaluru Central,2025-26,1,61350183.8,2025-05-31,61350183.8
REL001276,Bengaluru Central,2025-26,2,61350183.8,2025-10-28,122700367.6
REL001277,Jammu,2023-24,1,50042715.64,2023-05-31,50042715.64
REL001278,Jammu,2023-24,2,50042715.64,2023-10-28,100085431.28
REL001279,Jammu,2024-25,1,53128434.58,2024-05-31,53128434.58
REL001280,Jammu,2024-25,2,53128434.57,2024-10-28,106256869.15
REL001281,Jammu,2025-26,1,61680957.88,2025-05-31,61680957.88
REL001282,Jammu,2025-26,2,61680957.87,2025-10-28,123361915.75
REL001283,Lucknow,2023-24,1,53940040.15,2023-05-31,53940040.15
REL001284,Lucknow,2023-24,2,53940040.15,2023-10-28,107880080.3
REL001285,Lucknow,2024-25,1,51682793.8,2024-05-31,51682793.8
REL001286,Lucknow,2024-25,2,51682793.8,2024-10-28,103365587.6
REL001287,Lucknow,2025-26,1,47586888.11,2025-05-31,47586888.11
REL001288,Lucknow,2025-26,2,47586888.11,2025-10-28,95173776.22
REL001289,Cuttack,2023-24,1,61255284.91,2023-05-31,61255284.91
REL001290,Cuttack,2023-24,2,61255284.92,2023-10-28,122510569.83
REL001291,Cuttack,2024-25,1,56381450.58,2024-05-31,56381450.58
REL001292,Cuttack,2024-25,2,56381450.58,2024-10-28,112762901.16
REL001293,Cuttack,2025-26,1,55539311.44,2025-05-31,55539311.44
REL001294,Cuttack,2025-26,2,55539311.43,2025-10-28,111078622.87
REL001295,Outer Manipur,2023-24,1,55628966.91,2023-05-31,55628966.91
REL001296,Outer Manipur,2023-24,2,55628966.92,2023-10-28,111257933.83
REL001297,Outer Manipur,2024-25,1,57060555.52,2024-05-31,57060555.52
REL001298,Outer Manipur,2024-25,2,57060555.52,2024-10-28,114121111.04
REL001299,Outer Manipur,2025-26,1,60813396.15,2025-05-31,60813396.15
REL001300,Outer Manipur,2025-26,2,60813396.14,2025-10-28,121626792.29
