work_id,constituency_name,financial_year,anomaly_type,anomaly_injected,anomaly_description
WRK001001,Patna Sahib,2023-24,COST_OVERRUN,True,Injected synthetic COST_OVERRUN
WRK001008,Patna Sahib,2023-24,DELAYED_PROJECT,True,Injected synthetic DELAYED_PROJECT
WRK001017,Patna Sahib,2023-24,DELAYED_PROJECT,True,Injected synthetic DELAYED_PROJECT
WRK001018,Patna Sahib,2023-24,COST_OVERRUN,True,Injected synthetic COST_OVERRUN
WRK001020,Patna Sahib,2023-24,COMPLIANCE_RISK,True,Injected synthetic COMPLIANCE_RISK
WRK001022,Patna Sahib,2023-24,COST_OVERRUN,True,Injected synthetic COST_OVERRUN
WRK001027,Patna Sahib,2023-24,DELAYED_PROJECT,True,Injected synthetic DELAYED_PROJECT
WRK001036,Patna Sahib,2024-25,COST_OVERRUN,True,Injected synthetic COST_OVERRUN
WRK001041,Patna Sahib,2024-25,COST_OVERRUN,True,Injected synthetic COST_OVERRUN
WRK001047,Patna Sahib,2024-25,DELAYED_PROJECT,True,Injected synthetic DELAYED_PROJECT
WRK001050,Patna Sahib,2024-25,COMPLIANCE_RISK,True,Injected synthetic COMPLIANCE_RISK
WRK001053,Patna Sahib,2024-25,DELAYED_PROJECT,True,Injected synthetic DELAYED_PROJECT
WRK001054,Patna Sahib,2024-25,DELAYED_PROJECT,True,Injected synthetic DELAYED_PROJECT
WRK001056,Patna Sahib,2024-25,DELAYED_PROJECT,True,Injected synthetic DELAYED_PROJECT
WRK001063,Patna Sahib,2024-25,COST_OVERRUN,True,Injected synthetic COST_OVERRUN
WRK001064,Patna Sahib,2024-25,COST_OVERRUN,True,Injected synthetic COST_OVERRUN
WRK001071,Patna Sahib,2025-26,COST_OVERRUN,True,Injected synthetic COST_OVERRUN
WRK001078,Patna Sahib,2025-26,DELAYED_PROJECT,True,Injected synthetic DELAYED_PROJECT
WRK001079,Patna Sahib,2025-26,DELAYED_PROJECT,True,Injected synthetic DELAYED_PROJECT
WRK001082,Patna Sahib,2025-26,COST_OVERRUN,True,Injected synthetic COST_OVERRUN
WRK001092,Patna Sahib,2025-26,DELAYED_PROJECT,True,Injected synthetic DELAYED_PROJECT
WRK001096,Patna Sahib,2025-26,COST_OVERRUN,True,Injected synthetic COST_OVERRUN
WRK001099,Patna Sahib,2025-26,DURABILITY_RISK,True,Injected synthetic DURABILITY_RISK
WRK001102,Varanasi,2023-24,DELAYED_PROJECT,True,Injected synthetic DELAYED_PROJECT
WRK001115,Varanasi,2023-24,DELAYED_PROJECT,True,Injected synthetic DELAYED_PROJECT
WRK001116,Varanasi,2023-24,COST_OVERRUN,True,Injected synthetic COST_OVERRUN
WRK001133,Varanasi,2024-25,DELAYED_PROJECT,True,Injected synthetic DELAYED_PROJECT
WRK001135,Varanasi,2024-25,PAYMENT_RISK,True,Injected synthetic PAYMENT_RISK
WRK001136,Varanasi,2024-25,DUPLICATE_WORK,True,Duplicate of WRK001135
WRK001141,Varanasi,2024-25,COST_OVERRUN,True,Injected synthetic COST_OVERRUN
WRK001157,Varanasi,2024-25,DELAYED_PROJECT,True,Injected synthetic DELAYED_PROJECT
WRK001169,Varanasi,2025-26,DELAYED_PROJECT,True,Injected synthetic DELAYED_PROJECT
WRK001175,Varanasi,2025-26,PAYMENT_RISK,True,Injected synthetic PAYMENT_RISK
WRK001181,Varanasi,2025-26,COST_OVERRUN,True,Injected synthetic COST_OVERRUN
WRK001182,Varanasi,2025-26,COST_OVERRUN,True,Injected synthetic COST_OVERRUN
WRK001192,Varanasi,2025-26,COST_OVERRUN,True,Injected synthetic COST_OVERRUN
WRK001195,Varanasi,2025-26,DELAYED_PROJECT,True,Injected synthetic DELAYED_PROJECT
WRK001201,Kolkata South,2023-24,COST_OVERRUN,True,Injected synthetic COST_OVERRUN
WRK001204,Kolkata South,2023-24,COST_OVERRUN,True,Injected synthetic COST_OVERRUN
WRK001207,Kolkata South,2023-24,COST_OVERRUN,True,Injected synthetic COST_OVERRUN
WRK001216,Kolkata South,2023-24,DELAYED_PROJECT,True,Injected synthetic DELAYED_PROJECT
WRK001224,Kolkata South,2023-24,DELAYED_PROJECT,True,Injected synthetic DELAYED_PROJECT
WRK001225,Kolkata South,2023-24,COMPLIANCE_RISK,True,Injected synthetic COMPLIANCE_RISK
WRK001231,Kolkata South,2023-24,DELAYED_PROJECT,True,Injected synthetic DELAYED_PROJECT
WRK001238,Kolkata South,2024-25,AMOUNT_CLUSTERING,True,Injected synthetic AMOUNT_CLUSTERING
WRK001251,Kolkata South,2024-25,COST_OVERRUN,True,Injected synthetic COST_OVERRUN
WRK001260,Kolkata South,2024-25,COST_OVERRUN,True,Injected synthetic COST_OVERRUN
WRK001266,Kolkata South,2025-26,PAYMENT_RISK,True,Injected synthetic PAYMENT_RISK
WRK001268,Kolkata South,2025-26,COMPLIANCE_RISK,True,Injected synthetic COMPLIANCE_RISK
WRK001270,Kolkata South,2025-26,COST_OVERRUN,True,Injected synthetic COST_OVERRUN
WRK001281,Kolkata South,2025-26,COMPLIANCE_RISK,True,Injected synthetic COMPLIANCE_RISK
WRK001284,Kolkata South,2025-26,COST_OVERRUN,True,Injected synthetic COST_OVERRUN
WRK001291,Kolkata South,2025-26,PAYMENT_RISK,True,Injected synthetic PAYMENT_RISK
WRK001292,Kolkata South,2025-26,COST_OVERRUN,True,Injected synthetic COST_OVERRUN
WRK001293,Kolkata South,2025-26,DELAYED_PROJECT,True,Injected synthetic DELAYED_PROJECT
WRK001294,Kolkata South,2025-26,COST_OVERRUN,True,Injected synthetic COST_OVERRUN
WRK001306,Ranchi,2023-24,PAYMENT_RISK,True,Injected synthetic PAYMENT_RISK
WRK001312,Ranchi,2023-24,COST_OVERRUN,True,Injected synthetic COST_OVERRUN
WRK001316,Ranchi,2023-24,COST_OVERRUN,True,Injected synthetic COST_OVERRUN
WRK001317,Ranchi,2023-24,COST_OVERRUN,True,Injected synthetic COST_OVERRUN
WRK001321,Ranchi,2023-24,DURABILITY_RISK,True,Injected synthetic DURABILITY_RISK
WRK001335,Ranchi,2024-25,DELAYED_PROJECT,True,Injected synthetic DELAYED_PROJECT
WRK001344,Ranchi,2024-25,DELAYED_PROJECT,True,Injected synthetic DELAYED_PROJECT
WRK001356,Ranchi,2024-25,DELAYED_PROJECT,True,Injected synthetic DELAYED_PROJECT
WRK001357,Ranchi,2024-25,DELAYED_PROJECT,True,Injected synthetic DELAYED_PROJECT
WRK001358,Ranchi,2024-25,DELAYED_PROJECT,True,Injected synthetic DELAYED_PROJECT
WRK001372,Ranchi,2025-26,PAYMENT_RISK,True,Injected synthetic PAYMENT_RISK
WRK001375,Ranchi,2025-26,DELAYED_PROJECT,True,Injected synthetic DELAYED_PROJECT
WRK001380,Ranchi,2025-26,COST_OVERRUN,True,Injected synthetic COST_OVERRUN
WRK001382,Ranchi,2025-26,DELAYED_PROJECT,True,Injected synthetic DELAYED_PROJECT
WRK001386,Ranchi,2025-26,PAYMENT_RISK,True,Injected synthetic PAYMENT_RISK
WRK001388,Ranchi,2025-26,COST_OVERRUN,True,Injected synthetic COST_OVERRUN
WRK001389,Ranchi,2025-26,PAYMENT_RISK,True,Injected synthetic PAYMENT_RISK
WRK001394,Ranchi,2025-26,DELAYED_PROJECT,True,Injected synthetic DELAYED_PROJECT
WRK001397,Ranchi,2025-26,PAYMENT_RISK,True,Injected synthetic PAYMENT_RISK
WRK001403,Ludhiana,2023-24,COMPLIANCE_RISK,True,Injected synthetic COMPLIANCE_RISK
WRK001411,Ludhiana,2023-24,PAYMENT_RISK,True,Injected synthetic PAYMENT_RISK
WRK001412,Ludhiana,2023-24,COMPLIANCE_RISK,True,Injected synthetic COMPLIANCE_RISK
WRK001414,Ludhiana,2023-24,COST_OVERRUN,True,Injected synthetic COST_OVERRUN
WRK001416,Ludhiana,2023-24,DELAYED_PROJECT,True,Injected synthetic DELAYED_PROJECT
WRK001420,Ludhiana,2023-24,COST_OVERRUN,True,Injected synthetic COST_OVERRUN
WRK001422,Ludhiana,2023-24,PAYMENT_RISK,True,Injected synthetic PAYMENT_RISK
WRK001423,Ludhiana,2023-24,DUPLICATE_WORK,True,Duplicate of WRK001422
WRK001431,Ludhiana,2023-24,DURABILITY_RISK,True,Injected synthetic DURABILITY_RISK
WRK001436,Ludhiana,2024-25,COST_OVERRUN,True,Injected synthetic COST_OVERRUN
WRK001445,Ludhiana,2024-25,COST_OVERRUN,True,Injected synthetic COST_OVERRUN
WRK001446,Ludhiana,2024-25,DELAYED_PROJECT,True,Injected synthetic DELAYED_PROJECT
WRK001451,Ludhiana,2024-25,DURABILITY_RISK,True,Injected synthetic DURABILITY_RISK
WRK001455,Ludhiana,2024-25,COST_OVERRUN,True,Injected synthetic COST_OVERRUN
WRK001457,Ludhiana,2024-25,COST_OVERRUN,True,Injected synthetic COST_OVERRUN
WRK001458,Ludhiana,2024-25,COST_OVERRUN,True,Injected synthetic COST_OVERRUN
WRK001459,Ludhiana,2024-25,COST_OVERRUN,True,Injected synthetic COST_OVERRUN
WRK001461,Ludhiana,2024-25,DELAYED_PROJECT,True,Injected synthetic DELAYED_PROJECT
WRK001463,Ludhiana,2024-25,DELAYED_PROJECT,True,Injected synthetic DELAYED_PROJECT
WRK001467,Ludhiana,2025-26,COST_OVERRUN,True,Injected synthetic COST_OVERRUN
WRK001470,Ludhiana,2025-26,DELAYED_PROJECT,True,Injected synthetic DELAYED_PROJECT
WRK001480,Ludhiana,2025-26,COST_OVERRUN,True,Injected synthetic COST_OVERRUN
WRK001484,Ludhiana,2025-26,COST_OVERRUN,True,Injected synthetic COST_OVERRUN
WRK001496,Ludhiana,2025-26,COMPLIANCE_RISK,True,Injected synthetic COMPLIANCE_RISK
WRK001499,Mumbai South,2023-24,DELAYED_PROJECT,True,Injected synthetic DELAYED_PROJECT
WRK001506,Mumbai South,2023-24,DELAYED_PROJECT,True,Injected synthetic DELAYED_PROJECT
WRK001518,Mumbai South,2023-24,DELAYED_PROJECT,True,Injected synthetic DELAYED_PROJECT
WRK001520,Mumbai South,2023-24,COST_OVERRUN,True,Injected synthetic COST_OVERRUN
WRK001529,Mumbai South,2023-24,COST_OVERRUN,True,Injected synthetic COST_OVERRUN
WRK001531,Mumbai South,2024-25,DELAYED_PROJECT,True,Injected synthetic DELAYED_PROJECT
WRK001539,Mumbai South,2024-25,DELAYED_PROJECT,True,Injected synthetic DELAYED_PROJECT
WRK001551,Mumbai South,2024-25,DELAYED_PROJECT,True,Injected synthetic DELAYED_PROJECT
WRK001556,Mumbai South,2024-25,DELAYED_PROJECT,True,Injected synthetic DELAYED_PROJECT
WRK001563,Mumbai South,2024-25,COST_OVERRUN,True,Injected synthetic COST_OVERRUN
WRK001567,Mumbai South,2025-26,COST_OVERRUN,True,Injected synthetic COST_OVERRUN
WRK001572,Mumbai South,2025-26,DELAYED_PROJECT,True,Injected synthetic DELAYED_PROJECT
WRK001573,Mumbai South,2025-26,COST_OVERRUN,True,Injected synthetic COST_OVERRUN
WRK001577,Mumbai South,2025-26,DELAYED_PROJECT,True,Injected synthetic DELAYED_PROJECT
WRK001581,Mumbai South,2025-26,DELAYED_PROJECT,True,Injected synthetic DELAYED_PROJECT
WRK001591,Mumbai South,2025-26,COST_OVERRUN,True,Injected synthetic COST_OVERRUN
WRK001598,Jaipur,2023-24,DELAYED_PROJECT,True,Injected synthetic DELAYED_PROJECT
WRK001602,Jaipur,2023-24,DELAYED_PROJECT,True,Injected synthetic DELAYED_PROJECT
WRK001604,Jaipur,2023-24,DELAYED_PROJECT,True,Injected synthetic DELAYED_PROJECT
WRK001611,Jaipur,2023-24,PAYMENT_RISK,True,Injected synthetic PAYMENT_RISK
WRK001632,Jaipur,2024-25,COST_OVERRUN,True,Injected synthetic COST_OVERRUN
WRK001633,Jaipur,2024-25,AMOUNT_CLUSTERING,True,Injected synthetic AMOUNT_CLUSTERING
WRK001640,Jaipur,2024-25,DELAYED_PROJECT,True,Injected synthetic DELAYED_PROJECT
WRK001643,Jaipur,2024-25,DELAYED_PROJECT,True,Injected synthetic DELAYED_PROJECT
WRK001646,Jaipur,2024-25,COMPLIANCE_RISK,True,Injected synthetic COMPLIANCE_RISK
WRK001659,Jaipur,2024-25,DELAYED_PROJECT,True,Injected synthetic DELAYED_PROJECT
WRK001663,Jaipur,2025-26,COMPLIANCE_RISK,True,Injected synthetic COMPLIANCE_RISK
WRK001668,Jaipur,2025-26,PAYMENT_RISK,True,Injected synthetic PAYMENT_RISK
WRK001673,Jaipur,2025-26,DELAYED_PROJECT,True,Injected synthetic DELAYED_PROJECT
WRK001679,Jaipur,2025-26,DELAYED_PROJECT,True,Injected synthetic DELAYED_PROJECT
WRK001683,Jaipur,2025-26,COST_OVERRUN,True,Injected synthetic COST_OVERRUN
WRK001691,Jaipur,2025-26,DELAYED_PROJECT,True,Injected synthetic DELAYED_PROJECT
WRK001700,Bhopal,2023-24,COST_OVERRUN,True,Injected synthetic COST_OVERRUN
WRK001704,Bhopal,2023-24,COMPLIANCE_RISK,True,Injected synthetic COMPLIANCE_RISK
WRK001714,Bhopal,2023-24,COST_OVERRUN,True,Injected synthetic COST_OVERRUN
WRK001715,Bhopal,2023-24,PAYMENT_RISK,True,Injected synthetic PAYMENT_RISK
WRK001716,Bhopal,2023-24,COST_OVERRUN,True,Injected synthetic COST_OVERRUN
WRK001725,Bhopal,2023-24,DELAYED_PROJECT,True,Injected synthetic DELAYED_PROJECT
WRK001729,Bhopal,2024-25,DELAYED_PROJECT,True,Injected synthetic DELAYED_PROJECT
WRK001743,Bhopal,2024-25,DELAYED_PROJECT,True,Injected synthetic DELAYED_PROJECT
WRK001760,Bhopal,2024-25,COST_OVERRUN,True,Injected synthetic COST_OVERRUN
WRK001761,Bhopal,2024-25,PAYMENT_RISK,True,Injected synthetic PAYMENT_RISK
WRK001763,Bhopal,2025-26,COST_OVERRUN,True,Injected synthetic COST_OVERRUN
WRK001780,Bhopal,2025-26,DELAYED_PROJECT,True,Injected synthetic DELAYED_PROJECT
WRK001791,Bhopal,2025-26,COST_OVERRUN,True,Injected synthetic COST_OVERRUN
WRK001804,Gurugram,2023-24,DELAYED_PROJECT,True,Injected synthetic DELAYED_PROJECT
WRK001805,Gurugram,2023-24,DELAYED_PROJECT,True,Injected synthetic DELAYED_PROJECT
WRK001806,Gurugram,2023-24,COST_OVERRUN,True,Injected synthetic COST_OVERRUN
WRK001808,Gurugram,2023-24,PAYMENT_RISK,True,Injected synthetic PAYMENT_RISK
WRK001816,Gurugram,2023-24,COST_OVERRUN,True,Injected synthetic COST_OVERRUN
WRK001818,Gurugram,2023-24,AMOUNT_CLUSTERING,True,Injected synthetic AMOUNT_CLUSTERING
WRK001825,Gurugram,2023-24,PAYMENT_RISK,True,Injected synthetic PAYMENT_RISK
WRK001829,Gurugram,2024-25,DELAYED_PROJECT,True,Injected synthetic DELAYED_PROJECT
WRK001832,Gurugram,2024-25,DELAYED_PROJECT,True,Injected synthetic DELAYED_PROJECT
WRK001835,Gurugram,2024-25,COST_OVERRUN,True,Injected synthetic COST_OVERRUN
WRK001836,Gurugram,2024-25,PAYMENT_RISK,True,Injected synthetic PAYMENT_RISK
WRK001838,Gurugram,2024-25,DELAYED_PROJECT,True,Injected synthetic DELAYED_PROJECT
WRK001839,Gurugram,2024-25,DUPLICATE_WORK,True,Duplicate of WRK001838
WRK001841,Gurugram,2024-25,COST_OVERRUN,True,Injected synthetic COST_OVERRUN
WRK001843,Gurugram,2024-25,COST_OVERRUN,True,Injected synthetic COST_OVERRUN
WRK001849,Gurugram,2024-25,COMPLIANCE_RISK,True,Injected synthetic COMPLIANCE_RISK
WRK001856,Gurugram,2024-25,COST_OVERRUN,True,Injected synthetic COST_OVERRUN
WRK001863,Gurugram,2025-26,DELAYED_PROJECT,True,Injected synthetic DELAYED_PROJECT
WRK001872,Gurugram,2025-26,PAYMENT_RISK,True,Injected synthetic PAYMENT_RISK
WRK001876,Gurugram,2025-26,AMOUNT_CLUSTERING,True,Injected synthetic AMOUNT_CLUSTERING
WRK001878,Gurugram,2025-26,COST_OVERRUN,True,Injected synthetic COST_OVERRUN
WRK001894,Gurugram,2025-26,COMPLIANCE_RISK,True,Injected synthetic COMPLIANCE_RISK
WRK001900,Raipur,2023-24,DELAYED_PROJECT,True,Injected synthetic DELAYED_PROJECT
WRK001911,Raipur,2023-24,COST_OVERRUN,True,Injected synthetic COST_OVERRUN
WRK001914,Raipur,2023-24,COST_OVERRUN,True,Injected synthetic COST_OVERRUN
WRK001915,Raipur,2023-24,COMPLIANCE_RISK,True,Injected synthetic COMPLIANCE_RISK
WRK001917,Raipur,2023-24,COST_OVERRUN,True,Injected synthetic COST_OVERRUN
WRK001924,Raipur,2023-24,COST_OVERRUN,True,Injected synthetic COST_OVERRUN
WRK001926,Raipur,2023-24,DELAYED_PROJECT,True,Injected synthetic DELAYED_PROJECT
WRK001927,Raipur,2023-24,DELAYED_PROJECT,True,Injected synthetic DELAYED_PROJECT
WRK001931,Raipur,2024-25,PAYMENT_RISK,True,Injected synthetic PAYMENT_RISK
WRK001946,Raipur,2024-25,DELAYED_PROJECT,True,Injected synthetic DELAYED_PROJECT
WRK001947,Raipur,2024-25,DELAYED_PROJECT,True,Injected synthetic DELAYED_PROJECT
WRK001949,Raipur,2024-25,DELAYED_PROJECT,True,Injected synthetic DELAYED_PROJECT
WRK001952,Raipur,2024-25,DELAYED_PROJECT,True,Injected synthetic DELAYED_PROJECT
WRK001965,Raipur,2025-26,DELAYED_PROJECT,True,Injected synthetic DELAYED_PROJECT
WRK001971,Raipur,2025-26,COST_OVERRUN,True,Injected synthetic COST_OVERRUN
WRK001984,Raipur,2025-26,PAYMENT_RISK,True,Injected synthetic PAYMENT_RISK
WRK001985,Raipur,2025-26,DUPLICATE_WORK,True,Duplicate of WRK001984
WRK002001,Guwahati,2023-24,COST_OVERRUN,True,Injected synthetic COST_OVERRUN
WRK002006,Guwahati,2023-24,COST_OVERRUN,True,Injected synthetic COST_OVERRUN
WRK002012,Guwahati,2023-24,DELAYED_PROJECT,True,Injected synthetic DELAYED_PROJECT
WRK002014,Guwahati,2023-24,COST_OVERRUN,True,Injected synthetic COST_OVERRUN
WRK002020,Guwahati,2023-24,COST_OVERRUN,True,Injected synthetic COST_OVERRUN
WRK002021,Guwahati,2023-24,COST_OVERRUN,True,Injected synthetic COST_OVERRUN
WRK002025,Guwahati,2023-24,DELAYED_PROJECT,True,Injected synthetic DELAYED_PROJECT
WRK002039,Guwahati,2024-25,DELAYED_PROJECT,True,Injected synthetic DELAYED_PROJECT
WRK002040,Guwahati,2024-25,COST_OVERRUN,True,Injected synthetic COST_OVERRUN
WRK002045,Guwahati,2024-25,DELAYED_PROJECT,True,Injected synthetic DELAYED_PROJECT
WRK002049,Guwahati,2024-25,DELAYED_PROJECT,True,Injected synthetic DELAYED_PROJECT
WRK002050,Guwahati,2024-25,DUPLICATE_WORK,True,Duplicate of WRK002049
WRK002051,Guwahati,2024-25,COST_OVERRUN,True,Injected synthetic COST_OVERRUN
WRK002065,Guwahati,2025-26,COST_OVERRUN,True,Injected synthetic COST_OVERRUN
WRK002066,Guwahati,2025-26,DELAYED_PROJECT,True,Injected synthetic DELAYED_PROJECT
WRK002068,Guwahati,2025-26,COMPLIANCE_RISK,True,Injected synthetic COMPLIANCE_RISK
WRK002069,Guwahati,2025-26,DUPLICATE_WORK,True,Duplicate of WRK002068
WRK002081,Guwahati,2025-26,DELAYED_PROJECT,True,Injected synthetic DELAYED_PROJECT
WRK002084,Guwahati,2025-26,COST_OVERRUN,True,Injected synthetic COST_OVERRUN
WRK002085,Guwahati,2025-26,PAYMENT_RISK,True,Injected synthetic PAYMENT_RISK
WRK002086,Guwahati,2025-26,DUPLICATE_WORK,True,Duplicate of WRK002085
WRK002089,Guwahati,2025-26,COST_OVERRUN,True,Injected synthetic COST_OVERRUN
WRK002104,Bengaluru South,2023-24,DELAYED_PROJECT,True,Injected synthetic DELAYED_PROJECT
WRK002131,Bengaluru South,2024-25,COST_OVERRUN,True,Injected synthetic COST_OVERRUN
WRK002132,Bengaluru South,2024-25,DELAYED_PROJECT,True,Injected synthetic DELAYED_PROJECT
WRK002147,Bengaluru South,2024-25,COMPLIANCE_RISK,True,Injected synthetic COMPLIANCE_RISK
WRK002153,Bengaluru South,2024-25,COST_OVERRUN,True,Injected synthetic COST_OVERRUN
WRK002155,Bengaluru South,2024-25,DELAYED_PROJECT,True,Injected synthetic DELAYED_PROJECT
WRK002172,Bengaluru South,2025-26,AMOUNT_CLUSTERING,True,Injected synthetic AMOUNT_CLUSTERING
WRK002174,Bengaluru South,2025-26,DELAYED_PROJECT,True,Injected synthetic DELAYED_PROJECT
WRK002204,Visakhapatnam,2023-24,COST_OVERRUN,True,Injected synthetic COST_OVERRUN
WRK002211,Visakhapatnam,2023-24,PAYMENT_RISK,True,Injected synthetic PAYMENT_RISK
WRK002226,Visakhapatnam,2023-24,COMPLIANCE_RISK,True,Injected synthetic COMPLIANCE_RISK
WRK002234,Visakhapatnam,2024-25,COMPLIANCE_RISK,True,Injected synthetic COMPLIANCE_RISK
WRK002235,Visakhapatnam,2024-25,DUPLICATE_WORK,True,Duplicate of WRK002234
WRK002236,Visakhapatnam,2024-25,COST_OVERRUN,True,Injected synthetic COST_OVERRUN
WRK002254,Visakhapatnam,2024-25,COST_OVERRUN,True,Injected synthetic COST_OVERRUN
WRK002276,Visakhapatnam,2025-26,COST_OVERRUN,True,Injected synthetic COST_OVERRUN
WRK002285,Visakhapatnam,2025-26,COST_OVERRUN,True,Injected synthetic COST_OVERRUN
WRK002297,Hyderabad,2023-24,COMPLIANCE_RISK,True,Injected synthetic COMPLIANCE_RISK
WRK002303,Hyderabad,2023-24,COST_OVERRUN,True,Injected synthetic COST_OVERRUN
WRK002306,Hyderabad,2023-24,COST_OVERRUN,True,Injected synthetic COST_OVERRUN
WRK002331,Hyderabad,2024-25,COST_OVERRUN,True,Injected synthetic COST_OVERRUN
WRK002336,Hyderabad,2024-25,COST_OVERRUN,True,Injected synthetic COST_OVERRUN
WRK002338,Hyderabad,2024-25,DURABILITY_RISK,True,Injected synthetic DURABILITY_RISK
WRK002360,Hyderabad,2024-25,COST_OVERRUN,True,Injected synthetic COST_OVERRUN
WRK002363,Hyderabad,2025-26,COST_OVERRUN,True,Injected synthetic COST_OVERRUN
WRK002365,Hyderabad,2025-26,COST_OVERRUN,True,Injected synthetic COST_OVERRUN
WRK002370,Hyderabad,2025-26,DELAYED_PROJECT,True,Injected synthetic DELAYED_PROJECT
WRK002372,Hyderabad,2025-26,DELAYED_PROJECT,True,Injected synthetic DELAYED_PROJECT
WRK002400,Bhubaneswar,2023-24,COST_OVERRUN,True,Injected synthetic COST_OVERRUN
WRK002411,Bhubaneswar,2023-24,DELAYED_PROJECT,True,Injected synthetic DELAYED_PROJECT
WRK002414,Bhubaneswar,2023-24,COMPLIANCE_RISK,True,Injected synthetic COMPLIANCE_RISK
WRK002417,Bhubaneswar,2023-24,AMOUNT_CLUSTERING,True,Injected synthetic AMOUNT_CLUSTERING
WRK002425,Bhubaneswar,2023-24,COST_OVERRUN,True,Injected synthetic COST_OVERRUN
WRK002438,Bhubaneswar,2024-25,DURABILITY_RISK,True,Injected synthetic DURABILITY_RISK
WRK002444,Bhubaneswar,2024-25,COST_OVERRUN,True,Injected synthetic COST_OVERRUN
WRK002446,Bhubaneswar,2024-25,COMPLIANCE_RISK,True,Injected synthetic COMPLIANCE_RISK
WRK002447,Bhubaneswar,2024-25,DELAYED_PROJECT,True,Injected synthetic DELAYED_PROJECT
WRK002450,Bhubaneswar,2024-25,PAYMENT_RISK,True,Injected synthetic PAYMENT_RISK
WRK002451,Bhubaneswar,2024-25,DUPLICATE_WORK,True,Duplicate of WRK002450
WRK002456,Bhubaneswar,2024-25,COST_OVERRUN,True,Injected synthetic COST_OVERRUN
WRK002458,Bhubaneswar,2024-25,COMPLIANCE_RISK,True,Injected synthetic COMPLIANCE_RISK
WRK002463,Bhubaneswar,2025-26,DELAYED_PROJECT,True,Injected synthetic DELAYED_PROJECT
WRK002475,Bhubaneswar,2025-26,COMPLIANCE_RISK,True,Injected synthetic COMPLIANCE_RISK
WRK002484,Bhubaneswar,2025-26,PAYMENT_RISK,True,Injected synthetic PAYMENT_RISK
WRK002486,Bhubaneswar,2025-26,COST_OVERRUN,True,Injected synthetic COST_OVERRUN
WRK002488,Bhubaneswar,2025-26,COST_OVERRUN,True,Injected synthetic COST_OVERRUN
WRK002493,Bhubaneswar,2025-26,COST_OVERRUN,True,Injected synthetic COST_OVERRUN
WRK002495,Gandhinagar,2023-24,DELAYED_PROJECT,True,Injected synthetic DELAYED_PROJECT
WRK002498,Gandhinagar,2023-24,COST_OVERRUN,True,Injected synthetic COST_OVERRUN
WRK002501,Gandhinagar,2023-24,AMOUNT_CLUSTERING,True,Injected synthetic AMOUNT_CLUSTERING
WRK002502,Gandhinagar,2023-24,DELAYED_PROJECT,True,Injected synthetic DELAYED_PROJECT
WRK002503,Gandhinagar,2023-24,DELAYED_PROJECT,True,Injected synthetic DELAYED_PROJECT
WRK002513,Gandhinagar,2023-24,COST_OVERRUN,True,Injected synthetic COST_OVERRUN
WRK002523,Gandhinagar,2023-24,DELAYED_PROJECT,True,Injected synthetic DELAYED_PROJECT
WRK002540,Gandhinagar,2024-25,PAYMENT_RISK,True,Injected synthetic PAYMENT_RISK
WRK002545,Gandhinagar,2024-25,COST_OVERRUN,True,Injected synthetic COST_OVERRUN
WRK002547,Gandhinagar,2024-25,DELAYED_PROJECT,True,Injected synthetic DELAYED_PROJECT
WRK002557,Gandhinagar,2024-25,COST_OVERRUN,True,Injected synthetic COST_OVERRUN
WRK002575,Gandhinagar,2025-26,DELAYED_PROJECT,True,Injected synthetic DELAYED_PROJECT
WRK002595,Dehradun,2023-24,PAYMENT_RISK,True,Injected synthetic PAYMENT_RISK
WRK002610,Dehradun,2023-24,DELAYED_PROJECT,True,Injected synthetic DELAYED_PROJECT
WRK002627,Dehradun,2024-25,DELAYED_PROJECT,True,Injected synthetic DELAYED_PROJECT
WRK002663,Dehradun,2025-26,COST_OVERRUN,True,Injected synthetic COST_OVERRUN
WRK002666,Dehradun,2025-26,COST_OVERRUN,True,Injected synthetic COST_OVERRUN
WRK002667,Dehradun,2025-26,DUPLICATE_WORK,True,Duplicate of WRK002666
WRK002671,Dehradun,2025-26,COST_OVERRUN,True,Injected synthetic COST_OVERRUN
WRK002676,Dehradun,2025-26,DELAYED_PROJECT,True,Injected synthetic DELAYED_PROJECT
WRK002694,Shimla,2023-24,AMOUNT_CLUSTERING,True,Injected synthetic AMOUNT_CLUSTERING
WRK002696,Shimla,2023-24,COMPLIANCE_RISK,True,Injected synthetic COMPLIANCE_RISK
WRK002702,Shimla,2023-24,DELAYED_PROJECT,True,Injected synthetic DELAYED_PROJECT
WRK002710,Shimla,2023-24,AMOUNT_CLUSTERING,True,Injected synthetic AMOUNT_CLUSTERING
WRK002715,Shimla,2023-24,COST_OVERRUN,True,Injected synthetic COST_OVERRUN
WRK002734,Shimla,2024-25,DELAYED_PROJECT,True,Injected synthetic DELAYED_PROJECT
WRK002756,Shimla,2024-25,COST_OVERRUN,True,Injected synthetic COST_OVERRUN
WRK002759,Shimla,2024-25,COMPLIANCE_RISK,True,Injected synthetic COMPLIANCE_RISK
WRK002765,Shimla,2025-26,DELAYED_PROJECT,True,Injected synthetic DELAYED_PROJECT
WRK002766,Shimla,2025-26,COMPLIANCE_RISK,True,Injected synthetic COMPLIANCE_RISK
WRK002779,Shimla,2025-26,COMPLIANCE_RISK,True,Injected synthetic COMPLIANCE_RISK
WRK002791,Shimla,2025-26,COST_OVERRUN,True,Injected synthetic COST_OVERRUN
WRK002807,Srinagar,2023-24,COMPLIANCE_RISK,True,Injected synthetic COMPLIANCE_RISK
WRK002820,Srinagar,2023-24,COST_OVERRUN,True,Injected synthetic COST_OVERRUN
WRK002852,Srinagar,2024-25,COMPLIANCE_RISK,True,Injected synthetic COMPLIANCE_RISK
WRK002868,Srinagar,2025-26,DELAYED_PROJECT,True,Injected synthetic DELAYED_PROJECT
WRK002869,Srinagar,2025-26,COST_OVERRUN,True,Injected synthetic COST_OVERRUN
WRK002876,Srinagar,2025-26,COMPLIANCE_RISK,True,Injected synthetic COMPLIANCE_RISK
WRK002881,Srinagar,2025-26,COST_OVERRUN,True,Injected synthetic COST_OVERRUN
WRK002887,Srinagar,2025-26,COST_OVERRUN,True,Injected synthetic COST_OVERRUN
WRK002917,Thiruvananthapuram,2023-24,DURABILITY_RISK,True,Injected synthetic DURABILITY_RISK
WRK002943,Thiruvananthapuram,2024-25,COST_OVERRUN,True,Injected synthetic COST_OVERRUN
WRK003002,Chennai Central,2023-24,COST_OVERRUN,True,Injected synthetic COST_OVERRUN
WRK003088,Chennai Central,2025-26,COMPLIANCE_RISK,True,Injected synthetic COMPLIANCE_RISK
WRK003095,New Delhi,2023-24,COST_OVERRUN,True,Injected synthetic COST_OVERRUN
WRK003097,New Delhi,2023-24,DELAYED_PROJECT,True,Injected synthetic DELAYED_PROJECT
WRK003101,New Delhi,2023-24,PAYMENT_RISK,True,Injected synthetic PAYMENT_RISK
WRK003134,New Delhi,2024-25,DELAYED_PROJECT,True,Injected synthetic DELAYED_PROJECT
WRK003165,New Delhi,2025-26,DELAYED_PROJECT,True,Injected synthetic DELAYED_PROJECT
WRK003178,New Delhi,2025-26,DELAYED_PROJECT,True,Injected synthetic DELAYED_PROJECT
WRK003198,North Goa,2023-24,COMPLIANCE_RISK,True,Injected synthetic COMPLIANCE_RISK
WRK003223,North Goa,2024-25,DELAYED_PROJECT,True,Injected synthetic DELAYED_PROJECT
WRK003232,North Goa,2024-25,COST_OVERRUN,True,Injected synthetic COST_OVERRUN
WRK003233,North Goa,2024-25,PAYMENT_RISK,True,Injected synthetic PAYMENT_RISK
WRK003235,North Goa,2024-25,DELAYED_PROJECT,True,Injected synthetic DELAYED_PROJECT
WRK003254,North Goa,2024-25,PAYMENT_RISK,True,Injected synthetic PAYMENT_RISK
WRK003255,North Goa,2024-25,DUPLICATE_WORK,True,Duplicate of WRK003254
WRK003267,North Goa,2025-26,DELAYED_PROJECT,True,Injected synthetic DELAYED_PROJECT
WRK003287,North Goa,2025-26,PAYMENT_RISK,True,Injected synthetic PAYMENT_RISK
WRK003288,North Goa,2025-26,DUPLICATE_WORK,True,Duplicate of WRK003287
WRK003344,Sikkim,2024-25,COST_OVERRUN,True,Injected synthetic COST_OVERRUN
WRK003354,Sikkim,2024-25,AMOUNT_CLUSTERING,True,Injected synthetic AMOUNT_CLUSTERING
WRK003361,Sikkim,2025-26,PAYMENT_RISK,True,Injected synthetic PAYMENT_RISK
WRK003368,Sikkim,2025-26,COST_OVERRUN,True,Injected synthetic COST_OVERRUN
WRK003370,Sikkim,2025-26,COST_OVERRUN,True,Injected synthetic COST_OVERRUN
WRK003371,Sikkim,2025-26,DUPLICATE_WORK,True,Duplicate of WRK003370
WRK003395,Shillong,2023-24,DELAYED_PROJECT,True,Injected synthetic DELAYED_PROJECT
WRK003425,Shillong,2024-25,COST_OVERRUN,True,Injected synthetic COST_OVERRUN
WRK003430,Shillong,2024-25,DELAYED_PROJECT,True,Injected synthetic DELAYED_PROJECT
WRK003443,Shillong,2024-25,COST_OVERRUN,True,Injected synthetic COST_OVERRUN
WRK003448,Shillong,2024-25,DELAYED_PROJECT,True,Injected synthetic DELAYED_PROJECT
WRK003452,Shillong,2024-25,PAYMENT_RISK,True,Injected synthetic PAYMENT_RISK
WRK003480,Shillong,2025-26,COST_OVERRUN,True,Injected synthetic COST_OVERRUN
WRK003511,Inner Manipur,2023-24,PAYMENT_RISK,True,Injected synthetic PAYMENT_RISK
WRK003512,Inner Manipur,2023-24,DUPLICATE_WORK,True,Duplicate of WRK003511
WRK003551,Inner Manipur,2024-25,DELAYED_PROJECT,True,Injected synthetic DELAYED_PROJECT
WRK003570,Inner Manipur,2025-26,COMPLIANCE_RISK,True,Injected synthetic COMPLIANCE_RISK
WRK003583,Inner Manipur,2025-26,COST_OVERRUN,True,Injected synthetic COST_OVERRUN
WRK003603,Mizoram,2023-24,COST_OVERRUN,True,Injected synthetic COST_OVERRUN
WRK003620,Mizoram,2023-24,COMPLIANCE_RISK,True,Injected synthetic COMPLIANCE_RISK
WRK003624,Mizoram,2024-25,COST_OVERRUN,True,Injected synthetic COST_OVERRUN
WRK003626,Mizoram,2024-25,COST_OVERRUN,True,Injected synthetic COST_OVERRUN
WRK003627,Mizoram,2024-25,COST_OVERRUN,True,Injected synthetic COST_OVERRUN
WRK003642,Mizoram,2024-25,PAYMENT_RISK,True,Injected synthetic PAYMENT_RISK
WRK003676,Mizoram,2025-26,COST_OVERRUN,True,Injected synthetic COST_OVERRUN
WRK003725,Nagaland,2024-25,COST_OVERRUN,True,Injected synthetic COST_OVERRUN
WRK003753,Nagaland,2024-25,COST_OVERRUN,True,Injected synthetic COST_OVERRUN
WRK003775,Nagaland,2025-26,COMPLIANCE_RISK,True,Injected synthetic COMPLIANCE_RISK
WRK003781,Nagaland,2025-26,DELAYED_PROJECT,True,Injected synthetic DELAYED_PROJECT
WRK003791,Tripura West,2023-24,COST_OVERRUN,True,Injected synthetic COST_OVERRUN
WRK003795,Tripura West,2023-24,COST_OVERRUN,True,Injected synthetic COST_OVERRUN
WRK003826,Tripura West,2024-25,COST_OVERRUN,True,Injected synthetic COST_OVERRUN
WRK003831,Tripura West,2024-25,COST_OVERRUN,True,Injected synthetic COST_OVERRUN
WRK003853,Tripura West,2025-26,COST_OVERRUN,True,Injected synthetic COST_OVERRUN
WRK003856,Tripura West,2025-26,COST_OVERRUN,True,Injected synthetic COST_OVERRUN
WRK003857,Tripura West,2025-26,PAYMENT_RISK,True,Injected synthetic PAYMENT_RISK
WRK003858,Tripura West,2025-26,DUPLICATE_WORK,True,Duplicate of WRK003857
WRK003862,Tripura West,2025-26,PAYMENT_RISK,True,Injected synthetic PAYMENT_RISK
WRK003868,Tripura West,2025-26,COMPLIANCE_RISK,True,Injected synthetic COMPLIANCE_RISK
WRK003870,Tripura West,2025-26,COST_OVERRUN,True,Injected synthetic COST_OVERRUN
WRK003880,Tripura West,2025-26,PAYMENT_RISK,True,Injected synthetic PAYMENT_RISK
WRK003886,Tripura West,2025-26,COST_OVERRUN,True,Injected synthetic COST_OVERRUN
WRK003887,Tripura West,2025-26,DUPLICATE_WORK,True,Duplicate of WRK003886
WRK003888,Arunachal West,2023-24,PAYMENT_RISK,True,Injected synthetic PAYMENT_RISK
WRK003893,Arunachal West,2023-24,DELAYED_PROJECT,True,Injected synthetic DELAYED_PROJECT
WRK003934,Arunachal West,2024-25,DELAYED_PROJECT,True,Injected synthetic DELAYED_PROJECT
WRK003935,Arunachal West,2024-25,DUPLICATE_WORK,True,Duplicate of WRK003934
WRK003938,Arunachal West,2024-25,COST_OVERRUN,True,Injected synthetic COST_OVERRUN
WRK003945,Arunachal West,2024-25,COMPLIANCE_RISK,True,Injected synthetic COMPLIANCE_RISK
WRK003948,Arunachal West,2024-25,PAYMENT_RISK,True,Injected synthetic PAYMENT_RISK
WRK003986,Arunachal West,2025-26,DELAYED_PROJECT,True,Injected synthetic DELAYED_PROJECT
WRK003994,Chandigarh,2023-24,COST_OVERRUN,True,Injected synthetic COST_OVERRUN
WRK003995,Chandigarh,2023-24,DELAYED_PROJECT,True,Injected synthetic DELAYED_PROJECT
WRK004017,Chandigarh,2023-24,AMOUNT_CLUSTERING,True,Injected synthetic AMOUNT_CLUSTERING
WRK004033,Chandigarh,2024-25,DELAYED_PROJECT,True,Injected synthetic DELAYED_PROJECT
WRK004034,Chandigarh,2024-25,DUPLICATE_WORK,True,Duplicate of WRK004033
WRK004042,Chandigarh,2024-25,COST_OVERRUN,True,Injected synthetic COST_OVERRUN
WRK004059,Chandigarh,2025-26,DELAYED_PROJECT,True,Injected synthetic DELAYED_PROJECT
WRK004060,Chandigarh,2025-26,DUPLICATE_WORK,True,Duplicate of WRK004059
WRK004077,Chandigarh,2025-26,COMPLIANCE_RISK,True,Injected synthetic COMPLIANCE_RISK
WRK004097,Puducherry,2023-24,DELAYED_PROJECT,True,Injected synthetic DELAYED_PROJECT
WRK004098,Puducherry,2023-24,PAYMENT_RISK,True,Injected synthetic PAYMENT_RISK
WRK004111,Puducherry,2023-24,AMOUNT_CLUSTERING,True,Injected synthetic AMOUNT_CLUSTERING
WRK004172,Puducherry,2025-26,COST_OVERRUN,True,Injected synthetic COST_OVERRUN
WRK004173,Puducherry,2025-26,PAYMENT_RISK,True,Injected synthetic PAYMENT_RISK
WRK004176,Puducherry,2025-26,PAYMENT_RISK,True,Injected synthetic PAYMENT_RISK
WRK004190,Dadra and Nagar Haveli,2023-24,COST_OVERRUN,True,Injected synthetic COST_OVERRUN
WRK004204,Dadra and Nagar Haveli,2023-24,PAYMENT_RISK,True,Injected synthetic PAYMENT_RISK
WRK004227,Dadra and Nagar Haveli,2024-25,COST_OVERRUN,True,Injected synthetic COST_OVERRUN
WRK004229,Dadra and Nagar Haveli,2024-25,DELAYED_PROJECT,True,Injected synthetic DELAYED_PROJECT
WRK004247,Dadra and Nagar Haveli,2024-25,COST_OVERRUN,True,Injected synthetic COST_OVERRUN
WRK004258,Dadra and Nagar Haveli,2025-26,COST_OVERRUN,True,Injected synthetic COST_OVERRUN
WRK004261,Dadra and Nagar Haveli,2025-26,COST_OVERRUN,True,Injected synthetic COST_OVERRUN
WRK004264,Dadra and Nagar Haveli,2025-26,COST_OVERRUN,True,Injected synthetic COST_OVERRUN
WRK004265,Dadra and Nagar Haveli,2025-26,DUPLICATE_WORK,True,Duplicate of WRK004264
WRK004293,Daman and Diu,2023-24,DELAYED_PROJECT,True,Injected synthetic DELAYED_PROJECT
WRK004294,Daman and Diu,2023-24,COST_OVERRUN,True,Injected synthetic COST_OVERRUN
WRK004321,Daman and Diu,2024-25,DELAYED_PROJECT,True,Injected synthetic DELAYED_PROJECT
WRK004384,Daman and Diu,2025-26,PAYMENT_RISK,True,Injected synthetic PAYMENT_RISK
WRK004409,Lakshadweep,2023-24,COST_OVERRUN,True,Injected synthetic COST_OVERRUN
WRK004414,Lakshadweep,2023-24,PAYMENT_RISK,True,Injected synthetic PAYMENT_RISK
WRK004428,Lakshadweep,2024-25,PAYMENT_RISK,True,Injected synthetic PAYMENT_RISK
WRK004432,Lakshadweep,2024-25,DURABILITY_RISK,True,Injected synthetic DURABILITY_RISK
WRK004442,Lakshadweep,2024-25,PAYMENT_RISK,True,Injected synthetic PAYMENT_RISK
WRK004451,Lakshadweep,2024-25,DELAYED_PROJECT,True,Injected synthetic DELAYED_PROJECT
WRK004460,Lakshadweep,2025-26,COST_OVERRUN,True,Injected synthetic COST_OVERRUN
WRK004498,Haridwar,2023-24,COST_OVERRUN,True,Injected synthetic COST_OVERRUN
WRK004511,Haridwar,2023-24,PAYMENT_RISK,True,Injected synthetic PAYMENT_RISK
WRK004515,Haridwar,2023-24,DELAYED_PROJECT,True,Injected synthetic DELAYED_PROJECT
WRK004530,Haridwar,2024-25,AMOUNT_CLUSTERING,True,Injected synthetic AMOUNT_CLUSTERING
WRK004548,Haridwar,2024-25,DELAYED_PROJECT,True,Injected synthetic DELAYED_PROJECT
WRK004582,Haridwar,2025-26,COST_OVERRUN,True,Injected synthetic COST_OVERRUN
WRK004592,Vijayawada,2023-24,DELAYED_PROJECT,True,Injected synthetic DELAYED_PROJECT
WRK004595,Vijayawada,2023-24,DELAYED_PROJECT,True,Injected synthetic DELAYED_PROJECT
WRK004607,Vijayawada,2023-24,COST_OVERRUN,True,Injected synthetic COST_OVERRUN
WRK004610,Vijayawada,2023-24,COST_OVERRUN,True,Injected synthetic COST_OVERRUN
WRK004640,Vijayawada,2024-25,COST_OVERRUN,True,Injected synthetic COST_OVERRUN
WRK004642,Vijayawada,2024-25,DELAYED_PROJECT,True,Injected synthetic DELAYED_PROJECT
WRK004643,Vijayawada,2024-25,COST_OVERRUN,True,Injected synthetic COST_OVERRUN
WRK004649,Vijayawada,2024-25,COST_OVERRUN,True,Injected synthetic COST_OVERRUN
WRK004658,Vijayawada,2025-26,COST_OVERRUN,True,Injected synthetic COST_OVERRUN
WRK004670,Vijayawada,2025-26,PAYMENT_RISK,True,Injected synthetic PAYMENT_RISK
WRK004678,Vijayawada,2025-26,DURABILITY_RISK,True,Injected synthetic DURABILITY_RISK
WRK004679,Vijayawada,2025-26,DELAYED_PROJECT,True,Injected synthetic DELAYED_PROJECT
WRK004692,Bilaspur,2023-24,DELAYED_PROJECT,True,Injected synthetic DELAYED_PROJECT
WRK004693,Bilaspur,2023-24,DELAYED_PROJECT,True,Injected synthetic DELAYED_PROJECT
WRK004707,Bilaspur,2023-24,DELAYED_PROJECT,True,Injected synthetic DELAYED_PROJECT
WRK004714,Bilaspur,2023-24,COST_OVERRUN,True,Injected synthetic COST_OVERRUN
WRK004717,Bilaspur,2024-25,COST_OVERRUN,True,Injected synthetic COST_OVERRUN
WRK004723,Bilaspur,2024-25,COST_OVERRUN,True,Injected synthetic COST_OVERRUN
WRK004728,Bilaspur,2024-25,COST_OVERRUN,True,Injected synthetic COST_OVERRUN
WRK004729,Bilaspur,2024-25,AMOUNT_CLUSTERING,True,Injected synthetic AMOUNT_CLUSTERING
WRK004738,Bilaspur,2024-25,PAYMENT_RISK,True,Injected synthetic PAYMENT_RISK
WRK004745,Bilaspur,2024-25,DELAYED_PROJECT,True,Injected synthetic DELAYED_PROJECT
WRK004760,Bilaspur,2025-26,PAYMENT_RISK,True,Injected synthetic PAYMENT_RISK
WRK004767,Bilaspur,2025-26,PAYMENT_RISK,True,Injected synthetic PAYMENT_RISK
WRK004777,Bilaspur,2025-26,PAYMENT_RISK,True,Injected synthetic PAYMENT_RISK
WRK004779,Bilaspur,2025-26,DELAYED_PROJECT,True,Injected synthetic DELAYED_PROJECT
WRK004806,Arunachal East,2023-24,COMPLIANCE_RISK,True,Injected synthetic COMPLIANCE_RISK
WRK004825,Arunachal East,2024-25,COST_OVERRUN,True,Injected synthetic COST_OVERRUN
WRK004831,Arunachal East,2024-25,PAYMENT_RISK,True,Injected synthetic PAYMENT_RISK
WRK004834,Arunachal East,2024-25,COST_OVERRUN,True,Injected synthetic COST_OVERRUN
WRK004862,Arunachal East,2025-26,AMOUNT_CLUSTERING,True,Injected synthetic AMOUNT_CLUSTERING
WRK004886,Wayanad,2023-24,DELAYED_PROJECT,True,Injected synthetic DELAYED_PROJECT
WRK004891,Wayanad,2023-24,PAYMENT_RISK,True,Injected synthetic PAYMENT_RISK
WRK004911,Wayanad,2023-24,DELAYED_PROJECT,True,Injected synthetic DELAYED_PROJECT
WRK004925,Wayanad,2024-25,PAYMENT_RISK,True,Injected synthetic PAYMENT_RISK
WRK004942,Wayanad,2024-25,DELAYED_PROJECT,True,Injected synthetic DELAYED_PROJECT
WRK004943,Wayanad,2024-25,DUPLICATE_WORK,True,Duplicate of WRK004942
WRK004958,Wayanad,2025-26,COST_OVERRUN,True,Injected synthetic COST_OVERRUN
WRK004960,Wayanad,2025-26,DURABILITY_RISK,True,Injected synthetic DURABILITY_RISK
WRK004970,Wayanad,2025-26,DELAYED_PROJECT,True,Injected synthetic DELAYED_PROJECT
WRK004986,Jodhpur,2023-24,COST_OVERRUN,True,Injected synthetic COST_OVERRUN
WRK004998,Jodhpur,2023-24,DELAYED_PROJECT,True,Injected synthetic DELAYED_PROJECT
WRK005013,Jodhpur,2023-24,DELAYED_PROJECT,True,Injected synthetic DELAYED_PROJECT
WRK005015,Jodhpur,2024-25,PAYMENT_RISK,True,Injected synthetic PAYMENT_RISK
WRK005018,Jodhpur,2024-25,COST_OVERRUN,True,Injected synthetic COST_OVERRUN
WRK005019,Jodhpur,2024-25,COST_OVERRUN,True,Injected synthetic COST_OVERRUN
WRK005025,Jodhpur,2024-25,COST_OVERRUN,True,Injected synthetic COST_OVERRUN
WRK005028,Jodhpur,2024-25,DELAYED_PROJECT,True,Injected synthetic DELAYED_PROJECT
WRK005029,Jodhpur,2024-25,DELAYED_PROJECT,True,Injected synthetic DELAYED_PROJECT
WRK005058,Jodhpur,2025-26,COST_OVERRUN,True,Injected synthetic COST_OVERRUN
WRK005064,Jodhpur,2025-26,DELAYED_PROJECT,True,Injected synthetic DELAYED_PROJECT
WRK005065,Jodhpur,2025-26,DUPLICATE_WORK,True,Duplicate of WRK005064
WRK005073,Jodhpur,2025-26,COST_OVERRUN,True,Injected synthetic COST_OVERRUN
WRK005074,Jodhpur,2025-26,DELAYED_PROJECT,True,Injected synthetic DELAYED_PROJECT
WRK005077,Jodhpur,2025-26,DELAYED_PROJECT,True,Injected synthetic DELAYED_PROJECT
WRK005079,Jodhpur,2025-26,COST_OVERRUN,True,Injected synthetic COST_OVERRUN
WRK005081,Jodhpur,2025-26,COST_OVERRUN,True,Injected synthetic COST_OVERRUN
WRK005106,Pune,2023-24,DELAYED_PROJECT,True,Injected synthetic DELAYED_PROJECT
WRK005107,Pune,2023-24,COST_OVERRUN,True,Injected synthetic COST_OVERRUN
WRK005109,Pune,2023-24,COST_OVERRUN,True,Injected synthetic COST_OVERRUN
WRK005112,Pune,2023-24,DELAYED_PROJECT,True,Injected synthetic DELAYED_PROJECT
WRK005113,Pune,2023-24,COST_OVERRUN,True,Injected synthetic COST_OVERRUN
WRK005123,Pune,2024-25,PAYMENT_RISK,True,Injected synthetic PAYMENT_RISK
WRK005125,Pune,2024-25,PAYMENT_RISK,True,Injected synthetic PAYMENT_RISK
WRK005137,Pune,2024-25,DELAYED_PROJECT,True,Injected synthetic DELAYED_PROJECT
WRK005143,Pune,2024-25,COMPLIANCE_RISK,True,Injected synthetic COMPLIANCE_RISK
WRK005144,Pune,2024-25,DUPLICATE_WORK,True,Duplicate of WRK005143
WRK005147,Pune,2024-25,COST_OVERRUN,True,Injected synthetic COST_OVERRUN
WRK005149,Pune,2025-26,COST_OVERRUN,True,Injected synthetic COST_OVERRUN
WRK005153,Pune,2025-26,COST_OVERRUN,True,Injected synthetic COST_OVERRUN
WRK005154,Pune,2025-26,DELAYED_PROJECT,True,Injected synthetic DELAYED_PROJECT
WRK005156,Pune,2025-26,COST_OVERRUN,True,Injected synthetic COST_OVERRUN
WRK005157,Pune,2025-26,DURABILITY_RISK,True,Injected synthetic DURABILITY_RISK
WRK005163,Pune,2025-26,COMPLIANCE_RISK,True,Injected synthetic COMPLIANCE_RISK
WRK005170,Pune,2025-26,PAYMENT_RISK,True,Injected synthetic PAYMENT_RISK
WRK005174,Pune,2025-26,COST_OVERRUN,True,Injected synthetic COST_OVERRUN
WRK005185,Dibrugarh,2023-24,DELAYED_PROJECT,True,Injected synthetic DELAYED_PROJECT
WRK005193,Dibrugarh,2023-24,PAYMENT_RISK,True,Injected synthetic PAYMENT_RISK
WRK005196,Dibrugarh,2023-24,DELAYED_PROJECT,True,Injected synthetic DELAYED_PROJECT
WRK005200,Dibrugarh,2023-24,DELAYED_PROJECT,True,Injected synthetic DELAYED_PROJECT
WRK005206,Dibrugarh,2023-24,COST_OVERRUN,True,Injected synthetic COST_OVERRUN
WRK005214,Dibrugarh,2023-24,COST_OVERRUN,True,Injected synthetic COST_OVERRUN
WRK005215,Dibrugarh,2024-25,DELAYED_PROJECT,True,Injected synthetic DELAYED_PROJECT
WRK005216,Dibrugarh,2024-25,COST_OVERRUN,True,Injected synthetic COST_OVERRUN
WRK005223,Dibrugarh,2024-25,DELAYED_PROJECT,True,Injected synthetic DELAYED_PROJECT
WRK005225,Dibrugarh,2024-25,COST_OVERRUN,True,Injected synthetic COST_OVERRUN
WRK005227,Dibrugarh,2024-25,PAYMENT_RISK,True,Injected synthetic PAYMENT_RISK
WRK005241,Dibrugarh,2024-25,COST_OVERRUN,True,Injected synthetic COST_OVERRUN
WRK005251,Dibrugarh,2025-26,DELAYED_PROJECT,True,Injected synthetic DELAYED_PROJECT
WRK005263,Dibrugarh,2025-26,DELAYED_PROJECT,True,Injected synthetic DELAYED_PROJECT
WRK005279,Dibrugarh,2025-26,COST_OVERRUN,True,Injected synthetic COST_OVERRUN
WRK005286,Ahmedabad East,2023-24,DELAYED_PROJECT,True,Injected synthetic DELAYED_PROJECT
WRK005291,Ahmedabad East,2023-24,COMPLIANCE_RISK,True,Injected synthetic COMPLIANCE_RISK
WRK005307,Ahmedabad East,2023-24,DELAYED_PROJECT,True,Injected synthetic DELAYED_PROJECT
WRK005314,Ahmedabad East,2024-25,COMPLIANCE_RISK,True,Injected synthetic COMPLIANCE_RISK
WRK005316,Ahmedabad East,2024-25,DELAYED_PROJECT,True,Injected synthetic DELAYED_PROJECT
WRK005319,Ahmedabad East,2024-25,COST_OVERRUN,True,Injected synthetic COST_OVERRUN
WRK005320,Ahmedabad East,2024-25,DELAYED_PROJECT,True,Injected synthetic DELAYED_PROJECT
WRK005324,Ahmedabad East,2024-25,PAYMENT_RISK,True,Injected synthetic PAYMENT_RISK
WRK005347,Ahmedabad East,2025-26,PAYMENT_RISK,True,Injected synthetic PAYMENT_RISK
WRK005354,Ahmedabad East,2025-26,COST_OVERRUN,True,Injected synthetic COST_OVERRUN
WRK005371,Ahmedabad East,2025-26,AMOUNT_CLUSTERING,True,Injected synthetic AMOUNT_CLUSTERING
WRK005384,South Goa,2023-24,COST_OVERRUN,True,Injected synthetic COST_OVERRUN
WRK005414,South Goa,2024-25,AMOUNT_CLUSTERING,True,Injected synthetic AMOUNT_CLUSTERING
WRK005424,South Goa,2024-25,COST_OVERRUN,True,Injected synthetic COST_OVERRUN
WRK005433,South Goa,2024-25,COST_OVERRUN,True,Injected synthetic COST_OVERRUN
WRK005434,South Goa,2024-25,COST_OVERRUN,True,Injected synthetic COST_OVERRUN
WRK005440,South Goa,2024-25,DELAYED_PROJECT,True,Injected synthetic DELAYED_PROJECT
WRK005448,South Goa,2025-26,DELAYED_PROJECT,True,Injected synthetic DELAYED_PROJECT
WRK005449,South Goa,2025-26,DELAYED_PROJECT,True,Injected synthetic DELAYED_PROJECT
WRK005455,South Goa,2025-26,COST_OVERRUN,True,Injected synthetic COST_OVERRUN
WRK005460,South Goa,2025-26,DELAYED_PROJECT,True,Injected synthetic DELAYED_PROJECT
WRK005461,South Goa,2025-26,DUPLICATE_WORK,True,Duplicate of WRK005460
WRK005478,South Goa,2025-26,COST_OVERRUN,True,Injected synthetic COST_OVERRUN
WRK005485,Bengaluru Central,2023-24,PAYMENT_RISK,True,Injected synthetic PAYMENT_RISK
WRK005486,Bengaluru Central,2023-24,DUPLICATE_WORK,True,Duplicate of WRK005485
WRK005492,Bengaluru Central,2023-24,PAYMENT_RISK,True,Injected synthetic PAYMENT_RISK
WRK005497,Bengaluru Central,2023-24,COST_OVERRUN,True,Injected synthetic COST_OVERRUN
WRK005512,Bengaluru Central,2023-24,DELAYED_PROJECT,True,Injected synthetic DELAYED_PROJECT
WRK005526,Bengaluru Central,2024-25,PAYMENT_RISK,True,Injected synthetic PAYMENT_RISK
WRK005531,Bengaluru Central,2024-25,DURABILITY_RISK,True,Injected synthetic DURABILITY_RISK
WRK005540,Bengaluru Central,2024-25,COST_OVERRUN,True,Injected synthetic COST_OVERRUN
WRK005546,Bengaluru Central,2024-25,COST_OVERRUN,True,Injected synthetic COST_OVERRUN
WRK005571,Bengaluru Central,2025-26,COST_OVERRUN,True,Injected synthetic COST_OVERRUN
WRK005577,Bengaluru Central,2025-26,COST_OVERRUN,True,Injected synthetic COST_OVERRUN
WRK005579,Bengaluru Central,2025-26,DELAYED_PROJECT,True,Injected synthetic DELAYED_PROJECT
WRK005593,Jammu,2023-24,DELAYED_PROJECT,True,Injected synthetic DELAYED_PROJECT
WRK005605,Jammu,2023-24,DELAYED_PROJECT,True,Injected synthetic DELAYED_PROJECT
WRK005609,Jammu,2023-24,PAYMENT_RISK,True,Injected synthetic PAYMENT_RISK
WRK005614,Jammu,2024-25,COST_OVERRUN,True,Injected synthetic COST_OVERRUN
WRK005621,Jammu,2024-25,COMPLIANCE_RISK,True,Injected synthetic COMPLIANCE_RISK
WRK005645,Jammu,2024-25,DELAYED_PROJECT,True,Injected synthetic DELAYED_PROJECT
WRK005653,Jammu,2025-26,DELAYED_PROJECT,True,Injected synthetic DELAYED_PROJECT
WRK005682,Lucknow,2023-24,COST_OVERRUN,True,Injected synthetic COST_OVERRUN
WRK005684,Lucknow,2023-24,DELAYED_PROJECT,True,Injected synthetic DELAYED_PROJECT
WRK005688,Lucknow,2023-24,PAYMENT_RISK,True,Injected synthetic PAYMENT_RISK
WRK005693,Lucknow,2023-24,COST_OVERRUN,True,Injected synthetic COST_OVERRUN
WRK005713,Lucknow,2024-25,COST_OVERRUN,True,Injected synthetic COST_OVERRUN
WRK005718,Lucknow,2024-25,COST_OVERRUN,True,Injected synthetic COST_OVERRUN
WRK005723,Lucknow,2024-25,DELAYED_PROJECT,True,Injected synthetic DELAYED_PROJECT
WRK005733,Lucknow,2024-25,DELAYED_PROJECT,True,Injected synthetic DELAYED_PROJECT
WRK005735,Lucknow,2024-25,DELAYED_PROJECT,True,Injected synthetic DELAYED_PROJECT
WRK005738,Lucknow,2024-25,COST_OVERRUN,True,Injected synthetic COST_OVERRUN
WRK005750,Lucknow,2025-26,AMOUNT_CLUSTERING,True,Injected synthetic AMOUNT_CLUSTERING
WRK005752,Lucknow,2025-26,COST_OVERRUN,True,Injected synthetic COST_OVERRUN
WRK005753,Lucknow,2025-26,DELAYED_PROJECT,True,Injected synthetic DELAYED_PROJECT
WRK005756,Lucknow,2025-26,COMPLIANCE_RISK,True,Injected synthetic COMPLIANCE_RISK
WRK005763,Lucknow,2025-26,DELAYED_PROJECT,True,Injected synthetic DELAYED_PROJECT
WRK005768,Lucknow,2025-26,COST_OVERRUN,True,Injected synthetic COST_OVERRUN
WRK005774,Lucknow,2025-26,DELAYED_PROJECT,True,Injected synthetic DELAYED_PROJECT
WRK005777,Lucknow,2025-26,COST_OVERRUN,True,Injected synthetic COST_OVERRUN
WRK005782,Cuttack,2023-24,PAYMENT_RISK,True,Injected synthetic PAYMENT_RISK
WRK005786,Cuttack,2023-24,COST_OVERRUN,True,Injected synthetic COST_OVERRUN
WRK005833,Cuttack,2024-25,DURABILITY_RISK,True,Injected synthetic DURABILITY_RISK
WRK005839,Cuttack,2024-25,DELAYED_PROJECT,True,Injected synthetic DELAYED_PROJECT
WRK005858,Cuttack,2025-26,COST_OVERRUN,True,Injected synthetic COST_OVERRUN
WRK005860,Cuttack,2025-26,COMPLIANCE_RISK,True,Injected synthetic COMPLIANCE_RISK
WRK005874,Cuttack,2025-26,DELAYED_PROJECT,True,Injected synthetic DELAYED_PROJECT
WRK005904,Outer Manipur,2023-24,COST_OVERRUN,True,Injected synthetic COST_OVERRUN
WRK005913,Outer Manipur,2024-25,COMPLIANCE_RISK,True,Injected synthetic COMPLIANCE_RISK
WRK005920,Outer Manipur,2024-25,COST_OVERRUN,True,Injected synthetic COST_OVERRUN
WRK005953,Outer Manipur,2025-26,COST_OVERRUN,True,Injected synthetic COST_OVERRUN
WRK005956,Outer Manipur,2025-26,COST_OVERRUN,True,Injected synthetic COST_OVERRUN
WRK005975,Outer Manipur,2025-26,COST_OVERRUN,True,Injected synthetic COST_OVERRUN
