"MP Name","Constituency","State","House","Allocated Amount (₹)","Amount Recommended (₹)","Total Expenditure (₹)","Utilization %","Completed Works","Recommended Works","Completion Rate %","Balance Not Yet Paid to Vendors (₹)","Transaction Count","Successful Payments","Pending Payments","Average Rating"
"Smt. Sudha Murty (2024-30)","Nominated Rajya Sabha","Karnataka","Rajya Sabha",147000000,147000000,71000000,100,0,11,0,76000000,8,8,0,"N/A"
"Smt. Geeta alias Chandraprabha (2020-26)","Sitting Rajya Sabha","Uttar Pradesh","Rajya Sabha",196063957.11,196063956.35,169877016.35,100,210,247,85.02,26186940,313,313,0,"N/A"
"Shri Ramji Lal Suman (2024-30)","Sitting Rajya Sabha","Uttar Pradesh","Rajya Sabha",147000000,146806953,93005621,99.87,29,93,31.18,53801332,120,120,0,"N/A"
"Smt. Seema Dwivedi (2020-26)","Sitting Rajya Sabha","Uttar Pradesh","Rajya Sabha",173830159.11,173445859.4,135441468.4,99.78,210,408,51.47,38004391,314,302,12,"N/A"
"Shri S. Jaishankar (2023-29)","Sitting Rajya Sabha","Gujarat","Rajya Sabha",171500000,171094899,31616893,99.76,51,163,31.29,139478006,60,60,0,"N/A"
"Shri Jaggesh (2022-28)","Sitting Rajya Sabha","Karnataka","Rajya Sabha",196063957.11,195461585,130587101,99.69,126,208,60.58,64874484,166,166,0,"N/A"
"Dr. Faiyaz Ahmad (2022-28)","Sitting Rajya Sabha","Bihar","Rajya Sabha",235263957.11,234514150,183753433,99.68,138,206,66.99,50760717,174,174,0,"N/A"
"Smt. Phulo Devi Netam (2026-32)","Sitting Rajya Sabha","Chhattisgarh","Rajya Sabha",49000000,48777604,12348157,99.55,0,81,0,36429447,20,16,4,"N/A"
"Dr. Anil Sukhdeorao Bonde (2022-28)","Sitting Rajya Sabha","Maharashtra","Rajya Sabha",196063957.11,194938204,86399726,99.43,50,185,27.03,108538478,84,79,5,"N/A"
"Shri R. Dharmar (2022-28)","Sitting Rajya Sabha","Tamil Nadu","Rajya Sabha",260812242.52,259234270,207877791,99.39,193,244,79.1,51356479,198,198,0,"N/A"
"Shri Mithlesh Kumar (2022-28)","Sitting Rajya Sabha","Uttar Pradesh","Rajya Sabha",196063957.11,194673928,170753928,99.29,195,203,96.06,23920000,232,232,0,"N/A"
"Shri Arun Singh (2020-26)","Sitting Rajya Sabha","Uttar Pradesh","Rajya Sabha",223492764.11,221643804,151462382,99.17,46,111,41.44,70181422,197,194,3,"N/A"
"Shri Surendra Singh Nagar (2022-28)","Sitting Rajya Sabha","Uttar Pradesh","Rajya Sabha",220563957.11,218335769,109500434.16,98.99,98,299,32.78,108835334.84,281,272,9,"N/A"
"Shri S. Kalyanasundaram (2022-28)","Sitting Rajya Sabha","Tamil Nadu","Rajya Sabha",239763792.52,237177871,183132534,98.92,141,185,76.22,54045337,188,181,7,"N/A"
"Smt. S. Phangnon Konyak (2022-28)","Sitting Rajya Sabha","Nagaland","Rajya Sabha",206563957.11,204171000,200229200,98.84,58,77,75.32,3941800,126,125,1,"N/A"
"Smt. Sangeeta Yadav (2022-28)","Sitting Rajya Sabha","Uttar Pradesh","Rajya Sabha",196063957.11,193736886.47,169940841,98.81,43,121,35.54,23796045.47,261,260,1,"N/A"
"Shri Brij Lal (2020-26)","Sitting Rajya Sabha","Uttar Pradesh","Rajya Sabha",196063957.11,193733662,92124068,98.81,113,150,75.33,101609594,161,159,2,"N/A"
"Shri Javed Ali Khan (2022-28)","Sitting Rajya Sabha","Uttar Pradesh","Rajya Sabha",196063957.11,193617928,162685314.28,98.75,125,193,64.77,30932613.72,261,251,10,"N/A"
"Shri Meda Raghunadha Reddy (2024-30)","Sitting Rajya Sabha","Andhra Pradesh","Rajya Sabha",147000000,144970524,81390969,98.62,111,250,44.4,63579555,138,132,6,"N/A"
"Shri Govindbhai Laljibhai Dholakia (2024-30)","Sitting Rajya Sabha","Gujarat","Rajya Sabha",147000000,144530200,27272966,98.32,44,122,36.07,117257234,59,58,1,"N/A"
"Shri Naresh Bansal (2020-26)","Sitting Rajya Sabha","Uttarakhand","Rajya Sabha",222043184.71,215921653,124316327,97.24,106,238,44.54,91605326,215,212,3,"N/A"
"Shri Dorjee Tshering Lepcha (2024-30)","Sitting Rajya Sabha","Sikkim","Rajya Sabha",150170726.11,145996595,91921040,97.22,85,118,72.03,54075555,183,183,0,"N/A"
"Dr. Dharmshila Gupta (2024-30)","Sitting Rajya Sabha","Bihar","Rajya Sabha",186200000,179754823,136714265,96.54,87,142,61.27,43040558,113,112,1,"N/A"
"Shri Satish Chandra Dubey (2022-28)","Sitting Rajya Sabha","Bihar","Rajya Sabha",235263957.11,226217286,160336407,96.15,162,254,63.78,65880879,207,205,2,"N/A"
"Shri Shambhu Sharan Patel (2022-28)","Sitting Rajya Sabha","Bihar","Rajya Sabha",237168443.49,227574912,175884824,95.95,199,308,64.61,51690088,222,221,1,"N/A"
"Shri Baburam Nishad (2022-28)","Sitting Rajya Sabha","Uttar Pradesh","Rajya Sabha",196063957.11,187451605.3,136082109.32,95.61,436,649,67.18,51369495.98000002,595,592,3,"N/A"
"Shri Chunnilal Garasiya (2024-30)","Sitting Rajya Sabha","Rajasthan","Rajya Sabha",147000000,140513598,75910578,95.59,24,175,13.71,64603020,178,176,2,"N/A"
"Shri B.L. Verma (2020-26)","Sitting Rajya Sabha","Uttar Pradesh","Rajya Sabha",196063957.11,186451342.09,168937264.09,95.1,350,414,84.54,17514078,804,803,1,"N/A"
"Dr. Sangeeta Balwant (2024-30)","Sitting Rajya Sabha","Uttar Pradesh","Rajya Sabha",147000000,139378666,68851419.5,94.82,2,385,0.52,70527246.5,254,254,0,"N/A"
"Dr. Bhim Singh (2024-30)","Sitting Rajya Sabha","Bihar","Rajya Sabha",186200000,176484095,143120329,94.78,233,319,73.04,33363766,284,281,3,"N/A"
"Smt. Sumitra Balmik (2022-28)","Sitting Rajya Sabha","Madhya Pradesh","Rajya Sabha",196063957.11,184137783,163767349,93.92,62,177,35.03,20370434,419,419,0,"N/A"
"Shri Sanjay Raut (2022-28)","Sitting Rajya Sabha","Maharashtra","Rajya Sabha",196063957.11,183861364,67167846,93.78,6,75,8,116693518,29,29,0,"N/A"
"Smt. Ranjeet Ranjan (2022-28)","Sitting Rajya Sabha","Chhattisgarh","Rajya Sabha",246780257.87,231242048,185739464,93.7,164,271,60.52,45502584,452,430,22,"N/A"
"Shri Rwngwra Narzary (2022-28)","Sitting Rajya Sabha","Assam","Rajya Sabha",220563957.11,203869662,119812440,92.43,17,166,10.24,84057222,177,175,2,"N/A"
"Shri Naveen Jain (2024-30)","Sitting Rajya Sabha","Uttar Pradesh","Rajya Sabha",147000000,135577743,64773227,92.23,10,168,5.95,70804516,94,94,0,"N/A"
"Shri Sant Balbir Singh (2022-28)","Sitting Rajya Sabha","Punjab","Rajya Sabha",196359074.44000003,179870023,131641205.41,91.6,206,380,54.21,48228817.59,763,756,7,"N/A"
"Prof. Ram Gopal Yadav (2020-26)","Sitting Rajya Sabha","Uttar Pradesh","Rajya Sabha",221271395.11,200104837,178725656,90.43,25,81,30.86,21379181,125,124,1,"N/A"
"Shri S. Selvaganabathy (2021-27)","Sitting Rajya Sabha","Puducherry","Rajya Sabha",292881856.49,264779881,101658946,90.41,31,102,30.39,163120935,92,80,12,"N/A"
"Smt. Darshana Singh (2022-28)","Sitting Rajya Sabha","Uttar Pradesh","Rajya Sabha",196994373.87,176945852,174994106,89.82,31,47,65.96,1951746,133,132,1,"N/A"
"Shri Ramji (2020-26)","Sitting Rajya Sabha","Uttar Pradesh","Rajya Sabha",174518577.11,156399935,141923083,89.62,154,245,62.86,14476852,258,174,84,"N/A"
"Shri Narayanasa K. Bhandage (2024-30)","Sitting Rajya Sabha","Karnataka","Rajya Sabha",147450000,131724620,76863625,89.34,87,152,57.24,54860995,164,163,1,"N/A"
"Shri P. Wilson (2025-31)","Sitting Rajya Sabha","Tamil Nadu","Rajya Sabha",89248285.42,79400000,9998159,88.97,1,35,2.86,69401841,4,4,0,"N/A"
"Shri Abdul Wahab (2021-27)","Sitting Rajya Sabha","Kerala","Rajya Sabha",310898953.29,274559149,93760670,88.31,120,368,32.61,180798479,164,164,0,"N/A"
"Dr. Sandeep Kumar Pathak (2022-28)","Sitting Rajya Sabha","Punjab","Rajya Sabha",232203454.24,204855922,162756944,88.22,157,277,56.68,42098978,1147,1120,27,"N/A"
"Shri Babubhai Jesangbhai Desai (2023-29)","Sitting Rajya Sabha","Gujarat","Rajya Sabha",171500000,150982823,85880425,88.04,137,282,48.58,65102398,172,168,4,"N/A"
"Dr. John Brittas (2021-27)","Sitting Rajya Sabha","Kerala","Rajya Sabha",245063957.11,214637184,57506835,87.58,36,144,25,157130349,57,57,0,"N/A"
"Shri Ryaga Krishnaiah (2024-28)","Sitting Rajya Sabha","Andhra Pradesh","Rajya Sabha",170413583.79,149057484,61002205,87.47,30,71,42.25,88055279,38,37,1,"N/A"
"Shri Chandrakant Damodar Handore (2024-30)","Sitting Rajya Sabha","Maharashtra","Rajya Sabha",147000000,127902582,92046911,87.01,10,37,27.03,35855671,27,26,1,"N/A"
"Dr. Vikramjit Singh Sahney (2022-28)","Sitting Rajya Sabha","Punjab","Rajya Sabha",198656208.57000002,171596137.74,111224375.74,86.38,27,61,44.26,60371762.000000015,348,347,1,"N/A"
"Shri Ravi Chandra Vaddiraju (2024-30)","Sitting Rajya Sabha","Telangana","Rajya Sabha",152732534.11,131769169,74168159,86.27,107,276,38.77,57601010,165,162,3,"N/A"
"Smt. Mahua Maji (2022-28)","Sitting Rajya Sabha","Jharkhand","Rajya Sabha",232524001.2,199543815,163193927,85.82,150,465,32.26,36349888,598,598,0,"N/A"
"Smt. Sonia Gandhi (2024-30)","Sitting Rajya Sabha","Rajasthan","Rajya Sabha",147000000,125886435,74225676,85.64,46,128,35.94,51660759,144,141,3,"N/A"
"Shri V. Vijayendra Prasad (2022-28)","Nominated Rajya Sabha","Andhra Pradesh","Rajya Sabha",196063957.11,167401264,90827947,85.38,74,194,38.14,76573317,113,107,6,"N/A"
"Dr. Sarfraz Ahmad (2024-30)","Sitting Rajya Sabha","Jharkhand","Rajya Sabha",178564551.09,152169214,82543604,85.22,20,377,5.31,69625610,186,156,30,"N/A"
"Smt. Sulata Deo (2022-28)","Sitting Rajya Sabha","Odisha","Rajya Sabha",196084721.4,166686484,89713285,85.01,115,315,36.51,76973199,305,302,3,"N/A"
"Shri Haris Beeran (2024-30)","Sitting Rajya Sabha","Kerala","Rajya Sabha",122500000,104068864,17910402,84.95,11,216,5.09,86158462,24,23,1,"N/A"
"Prof. Manoj Kumar Jha (2024-30)","Sitting Rajya Sabha","Bihar","Rajya Sabha",191620112.11,160811994,87200986,83.92,110,176,62.5,73611008,111,111,0,"N/A"
"Dr. Kalpana Saini (2022-28)","Sitting Rajya Sabha","Uttarakhand","Rajya Sabha",200830405.8,168240049,66206094,83.77,58,194,29.9,102033955,162,152,10,"N/A"
"Shri Vivek K. Tankha (2022-28)","Sitting Rajya Sabha","Madhya Pradesh","Rajya Sabha",220563957.11,184718033,116845421,83.75,118,504,23.41,67872612,635,629,6,"N/A"
"Dr. Dinesh Sharma (2023-26)","Sitting Rajya Sabha","Uttar Pradesh","Rajya Sabha",147000000,122978044,57084177,83.66,2,91,2.2,65893867,63,61,2,"N/A"
"Shri Kapil Sibal (2022-28)","Sitting Rajya Sabha","Uttar Pradesh","Rajya Sabha",196063957.11,163430037,94339935.12,83.36,64,223,28.7,69090101.88,291,279,12,"N/A"
"Shri Pradip Kumar Varma (2024-30)","Sitting Rajya Sabha","Jharkhand","Rajya Sabha",178564551.09,147971716,101069118,82.87,24,237,10.13,46902598,244,242,2,"N/A"
"Shri Mukul Wasnik (2022-28)","Sitting Rajya Sabha","Rajasthan","Rajya Sabha",196063957.11,161404422,114656779.01,82.32,94,170,55.29,46747642.989999995,455,451,4,"N/A"
"Smt. Sadhna Singh (2024-30)","Sitting Rajya Sabha","Uttar Pradesh","Rajya Sabha",147000000,120396796,101298179,81.9,5,18,27.78,19098617,37,37,0,"N/A"
"Shri Hardeep Singh Puri (2020-26)","Sitting Rajya Sabha","Uttar Pradesh","Rajya Sabha",226801049.11,185320368.2,180480217.2,81.71,292,415,70.36,4840151,885,885,0,"N/A"
"Shri Harsh Mahajan (2024-30)","Sitting Rajya Sabha","Himachal Pradesh","Rajya Sabha",147000000,119544449,75761105,81.32,154,461,33.41,43783344,476,471,5,"N/A"
"Shri Sanjay Singh (2024-30)","Sitting Rajya Sabha","Delhi","Rajya Sabha",184466426.11,149352110,17660934,80.96,17,105,16.19,131691176,23,22,1,"N/A"
"Shri Aditya Prasad (2022-28)","Sitting Rajya Sabha","Jharkhand","Rajya Sabha",227628508.2,184173092,159474868,80.91,141,226,62.39,24698224,383,382,1,"N/A"
"Dr. Sikander Kumar (2022-28)","Sitting Rajya Sabha","Himachal Pradesh","Rajya Sabha",207863957.11,166754937.04,127681938.04,80.22,171,394,43.4,39072998.999999985,423,417,6,"N/A"
"Smt. Rekha Sharma (2024-28)","Sitting Rajya Sabha","Haryana","Rajya Sabha",98000000,78438885,14183077,80.04,1,145,0.69,64255808,187,182,5,"N/A"
"Smt. Nirmala Sitharaman (2022-28)","Sitting Rajya Sabha","Karnataka","Rajya Sabha",215972051.45,172686000,91394660,79.96,7,23,30.43,81291340,10,9,1,"N/A"
"Shri Masthan Rao Yadav Beedha (2024-28)","Sitting Rajya Sabha","Andhra Pradesh","Rajya Sabha",171296045.11,136413877,35512349,79.64,40,120,33.33,100901528,46,46,0,"N/A"
"Dr. Abhishek Manu Singhvi (2026-32)","Sitting Rajya Sabha","Telangana","Rajya Sabha",73421449,58300000,0,79.4,0,16,0,58300000,0,0,0,"N/A"
"Shri G.C. Chandrashekhar (2024-30)","Sitting Rajya Sabha","Karnataka","Rajya Sabha",147000000,116453370,69767504,79.22,65,200,32.5,46685866,149,146,3,"N/A"
"Shri Birendra Prasad Baishya (2025-31)","Sitting Rajya Sabha","Assam","Rajya Sabha",98000000,77500000,27790330,79.08,1,45,2.22,49709670,26,25,1,"N/A"
"Shri Khiru Mahto (2022-28)","Sitting Rajya Sabha","Bihar","Rajya Sabha",235770091.81,185903989,183791258,78.85,171,177,96.61,2112731,176,176,0,"N/A"
"Shri Harbhajan Singh (2022-28)","Sitting Rajya Sabha","Punjab","Rajya Sabha",220984094.27,173949652.52,101056126.52,78.72,77,197,39.09,72893526.00000001,530,527,3,"N/A"
"Shri P. Chidambaram (2022-28)","Sitting Rajya Sabha","Tamil Nadu","Rajya Sabha",236312242.52,184916919,134466470,78.25,75,144,52.08,50450449,190,189,1,"N/A"
"Shri K.R.N. Rajeshkumar (2022-28)","Sitting Rajya Sabha","Tamil Nadu","Rajya Sabha",238513975.53,186409814,152999036,78.15,84,102,82.35,33410778,97,96,1,"N/A"
"Dr. Sasmit Patra (2022-28)","Sitting Rajya Sabha","Odisha","Rajya Sabha",196063957.11,152627195,31000333,77.85,44,305,14.43,121626862,123,121,2,"N/A"
"Shri Pabitra Margherita (2022-28)","Sitting Rajya Sabha","Assam","Rajya Sabha",220563957.11,170051035.54,63765614.44,77.1,5,210,2.38,106285421.1,113,113,0,"N/A"
"Shri R. Girirajan (2022-28)","Sitting Rajya Sabha","Tamil Nadu","Rajya Sabha",236312242.52,180956439,165928789,76.58,151,221,68.33,15027650,191,190,1,"N/A"
"Shri Jose K. Mani (2024-30)","Sitting Rajya Sabha","Kerala","Rajya Sabha",122500000,93058963,19384930,75.97,28,182,15.38,73674033,44,44,0,"N/A"
"Dr. Kavita Patidar (2022-28)","Sitting Rajya Sabha","Madhya Pradesh","Rajya Sabha",197118521.35000002,148906747,127377000.12,75.54,142,217,65.44,21529746.879999995,427,426,1,"N/A"
"Shri Ram Nath Thakur (2026-32)","Sitting Rajya Sabha","Bihar","Rajya Sabha",65673638.730000004,49489900,0,75.36,0,33,0,49489900,0,0,0,"N/A"
"Shri Gulam Ali (2022-28)","Nominated Rajya Sabha","Jammu And Kashmir","Rajya Sabha",196063957.11,147179063.89,134148715,75.07,156,185,84.32,13030348.889999986,193,190,3,"N/A"
"Shri Damodar Rao Divakonda (2022-28)","Sitting Rajya Sabha","Telangana","Rajya Sabha",239919406.11,179745038,77052481,74.92,110,295,37.29,102692557,195,195,0,"N/A"
"Dr. Ajeet Madhavrao Gopchade (2024-30)","Sitting Rajya Sabha","Maharashtra","Rajya Sabha",147000000,109833137,53532752,74.72,44,91,48.35,56300385,52,52,0,"N/A"
"Shri Madan Rathore (2024-30)","Sitting Rajya Sabha","Rajasthan","Rajya Sabha",147000000,109050806,32632145,74.18,21,132,15.91,76418661,229,223,6,"N/A"
"Dr. Parmar Jashvantsinh Salamsinh (2024-30)","Sitting Rajya Sabha","Gujarat","Rajya Sabha",147000000,108602244,38994089,73.88,62,370,16.76,69608155,104,93,11,"N/A"
"Dr. K. Laxman (2022-28)","Sitting Rajya Sabha","Uttar Pradesh","Rajya Sabha",197637007.11,145129100,123809716,73.43,275,323,85.14,21319384,323,311,12,"N/A"
"Shri Imran Pratapgarhi (2022-28)","Sitting Rajya Sabha","Maharashtra","Rajya Sabha",196000000,142959046,102738277,72.94,53,108,49.07,40220769,75,75,0,"N/A"
"Dr. Syed Naseer Hussain (2024-30)","Sitting Rajya Sabha","Karnataka","Rajya Sabha",147000000,106990000,52745755,72.78,3,69,4.35,54244245,44,44,0,"N/A"
"Shri Jairam Ramesh (2022-28)","Sitting Rajya Sabha","Karnataka","Rajya Sabha",220563957.11,160447985,73553485,72.74,18,127,14.17,86894500,79,78,1,"N/A"
"Smt. Maya Naroliya (2024-30)","Sitting Rajya Sabha","Madhya Pradesh","Rajya Sabha",147000000,106292558,70791767,72.31,16,156,10.26,35500791,181,172,9,"N/A"
"Shri Yerram Venkata Subba Reddy (2024-30)","Sitting Rajya Sabha","Andhra Pradesh","Rajya Sabha",147000000,106057085,33232213,72.15,38,142,26.76,72824872,72,69,3,"N/A"
"Shri Jayant Chaudhary (2022-28)","Sitting Rajya Sabha","Uttar Pradesh","Rajya Sabha",214074707.67000002,153464505,43141697,71.69,8,24,33.33,110322808,25,22,3,"N/A"
"Shri Nagendra Ray (2023-29)","Sitting Rajya Sabha","West Bengal","Rajya Sabha",171500000,122435034.68,91735859,71.39,2,22,9.09,30699175.680000007,14,13,1,"N/A"
"Shri Derek O' Brien (2023-29)","Sitting Rajya Sabha","West Bengal","Rajya Sabha",171500000,122271928,70787264,71.3,0,35,0,51484664,16,16,0,"N/A"
"Ms. Dola Sen (2023-29)","Sitting Rajya Sabha","West Bengal","Rajya Sabha",171500000,122263190,69414332,71.29,1,27,3.7,52848858,20,20,0,"N/A"
"Shri Samirul Islam (2023-29)","Sitting Rajya Sabha","West Bengal","Rajya Sabha",171500000,121458527,71238651,70.82,0,57,0,50219876,17,17,0,"N/A"
"Smt. P. T. Usha (2022-28)","Nominated Rajya Sabha","Kerala","Rajya Sabha",196063957.11,138646464,55206130,70.71,39,121,32.23,83440334,77,76,1,"N/A"
"Shri Neeraj Shekhar (2020-26)","Sitting Rajya Sabha","Uttar Pradesh","Rajya Sabha",236483662.11,167023319,90266672,70.63,41,327,12.54,76756647,176,176,0,"N/A"
"Shri I.S. Inbadurai (2025-31)","Sitting Rajya Sabha","Tamil Nadu","Rajya Sabha",89248285.42,63002801,15065385,70.59,15,83,18.07,47937416,31,31,0,"N/A"
"Shri P. P. Suneer (2024-30)","Sitting Rajya Sabha","Kerala","Rajya Sabha",122500000,85608775,18439441,69.88,19,90,21.11,67169334,31,31,0,"N/A"
"Shri Pramod Tiwari (2022-28)","Sitting Rajya Sabha","Rajasthan","Rajya Sabha",196063957.11,136841358,101024659,69.79,65,130,50,35816699,220,218,2,"N/A"
"Dr. Medha Vishram Kulkarni (2024-30)","Sitting Rajya Sabha","Maharashtra","Rajya Sabha",147000000,101856671,41737818,69.29,31,105,29.52,60118853,49,49,0,"N/A"
"Shri Rajib Bhattacharjee (2024-28)","Sitting Rajya Sabha","Tripura","Rajya Sabha",122500000,84649344,34210580,69.1,18,58,31.03,50438764,39,37,2,"N/A"
"Smt. Jebi Mather Hisham (2022-28)","Sitting Rajya Sabha","Kerala","Rajya Sabha",220563957.11,152298345,54661936,69.05,49,119,41.18,97636409,76,75,1,"N/A"
"Dr. V. Sivadasan (2021-27)","Sitting Rajya Sabha","Kerala","Rajya Sabha",276720323.27,191022745,24863346,69.03,14,63,22.22,166159399,45,45,0,"N/A"
"Shri Kesridevsinh Jhala (2023-29)","Sitting Rajya Sabha","Gujarat","Rajya Sabha",171500000,118319535,26663551,68.99,21,144,14.58,91655984,52,51,1,"N/A"
"Shri Randeep Singh Surjewala (2022-28)","Sitting Rajya Sabha","Rajasthan","Rajya Sabha",196063957.11,134181665,61282096,68.44,55,148,37.16,72899569,279,254,25,"N/A"
"Dr. Dharmasthala Veerendra Heggade (2022-28)","Nominated Rajya Sabha","Karnataka","Rajya Sabha",196063957.11,133450991,57878764,68.07,301,474,63.5,75572227,644,632,12,"N/A"
"Dr. Radha Mohan Das Agrawal (2022-28)","Sitting Rajya Sabha","Uttar Pradesh","Rajya Sabha",203626524.67000002,138428596,72382614,67.98,15,45,33.33,66045982,54,54,0,"N/A"
"Shri Sandosh Kumar P (2022-28)","Sitting Rajya Sabha","Kerala","Rajya Sabha",220563957.11,149135962,55957933,67.62,29,104,27.88,93178029,72,71,1,"N/A"
"Shri Anil Kumar Yadav Mandadi (2024-30)","Sitting Rajya Sabha","Telangana","Rajya Sabha",147000000,98815709,54363174,67.22,71,105,67.62,44452535,73,73,0,"N/A"
"Shri Tejveer Singh (2024-30)","Sitting Rajya Sabha","Uttar Pradesh","Rajya Sabha",147000000,97931969,89900058,66.62,53,86,61.63,8031911,152,152,0,"N/A"
"Shri Ratanjit Pratap Narain Singh (2024-30)","Sitting Rajya Sabha","Uttar Pradesh","Rajya Sabha",147000000,97712398,89937432,66.47,83,125,66.4,7774966,215,213,2,"N/A"
"Smt. Sagarika Ghose (2024-30)","Sitting Rajya Sabha","West Bengal","Rajya Sabha",147000000,97500000,47289873,66.33,0,13,0,50210127,16,16,0,"N/A"
"Shri Kanad Purkayastha (2025-31)","Sitting Rajya Sabha","Assam","Rajya Sabha",98000000,65000000,28001397,66.33,0,50,0,36998603,37,34,3,"N/A"
"Smt. Rajathi (2025-31)","Sitting Rajya Sabha","Tamil Nadu","Rajya Sabha",89248285.42,59000000,21237106,66.11,16,55,29.09,37762894,23,21,2,"N/A"
"Shri Mohammed Nadimul Haque (2024-30)","Sitting Rajya Sabha","West Bengal","Rajya Sabha",147000000,96799500,45077861,65.85,1,19,5.26,51721639,16,16,0,"N/A"
"Shri Amar Pal Maurya (2024-30)","Sitting Rajya Sabha","Uttar Pradesh","Rajya Sabha",147000000,96524000,26365566,65.66,18,138,13.04,70158434,33,30,3,"N/A"
"Shri Subhasish Khuntia (2024-30)","Sitting Rajya Sabha","Odisha","Rajya Sabha",147000000,96250000,6285385,65.48,3,222,1.35,89964615,34,31,3,"N/A"
"Shri Sadanand Mhalu Shet Tanavade (2023-29)","Sitting Rajya Sabha","Goa","Rajya Sabha",171500000,111734773.99,37836353.99,65.15,10,41,24.39,73898420,26,26,0,"N/A"
"Shri Mahendra Bhatt (2024-30)","Sitting Rajya Sabha","Uttarakhand","Rajya Sabha",147000000,95273231,23254909,64.81,11,126,8.73,72018322,159,158,1,"N/A"
"Shri Mayankkumar Nayak (2024-30)","Sitting Rajya Sabha","Gujarat","Rajya Sabha",147000000,92356983,19560868,62.83,20,171,11.7,72796115,66,66,0,"N/A"
"Shri Subhash Barala (2024-30)","Sitting Rajya Sabha","Haryana","Rajya Sabha",147000000,92126165,29532538,62.67,4,84,4.76,62593627,61,61,0,"N/A"
"Shri C. Sadanandan Master (2025-31)","Nominated Rajya Sabha","Kerala","Rajya Sabha",73500000,45660000,0,62.12,0,55,0,45660000,0,0,0,"N/A"
"Shri Jogen Mohan (2026-32)","Sitting Rajya Sabha","Assam","Rajya Sabha",49000000,30400000,1500000,62.04,0,22,0,28900000,1,0,1,"N/A"
"Shri S.R. Sivalingam (2025-31)","Sitting Rajya Sabha","Tamil Nadu","Rajya Sabha",89248285.42,53266677,27371677,59.68,24,54,44.44,25895000,25,25,0,"N/A"
"Shri Nitin Laxmanrao Jadhav Patil (2024-28)","Sitting Rajya Sabha","Maharashtra","Rajya Sabha",122500000,72450000,4496048,59.14,4,60,6.67,67953952,4,3,1,"N/A"
"Shri Balyogi Umeshnath (2024-30)","Sitting Rajya Sabha","Madhya Pradesh","Rajya Sabha",147000000,86195980,42047000,58.64,11,80,13.75,44148980,84,80,4,"N/A"
"Shri Sanjay Seth (2024-30)","Sitting Rajya Sabha","Uttar Pradesh","Rajya Sabha",147000000,85520963,56357801,58.18,19,59,32.2,29163162,48,46,2,"N/A"
"Dr. L. Murugan (2024-30)","Sitting Rajya Sabha","Madhya Pradesh","Rajya Sabha",147000000,83449574,38699774,56.77,6,38,15.79,44749800,40,39,1,"N/A"
"Shri Praful Patel (2024-30)","Sitting Rajya Sabha","Maharashtra","Rajya Sabha",147000000,79519538,25836264,54.09,22,116,18.97,53683274,38,37,1,"N/A"
"Shri Sujeet Kumar (2026-32)","Sitting Rajya Sabha","Odisha","Rajya Sabha",49000000,26350000,0,53.78,0,35,0,26350000,0,0,0,"N/A"
"Shri A. A. Rahim (2022-28)","Sitting Rajya Sabha","Kerala","Rajya Sabha",220563957.11,118419424,56944903,53.69,17,75,22.67,61474521,37,36,1,"N/A"
"Shri Dhananjay Bhimrao Mahadik (2022-28)","Sitting Rajya Sabha","Maharashtra","Rajya Sabha",220383643.11,118144252,48415797,53.61,32,150,21.33,69728455,41,41,0,"N/A"
"Dr. M. Dhanapal (2025-31)","Sitting Rajya Sabha","Tamil Nadu","Rajya Sabha",89248285.42,47230393,23989964,52.92,27,51,52.94,23240429,34,34,0,"N/A"
"Shri Ashwini Vaishnaw (2024-30)","Sitting Rajya Sabha","Odisha","Rajya Sabha",265563957.11,134619600,20469117,50.69,4,17,23.53,114150483,23,21,2,"N/A"
"Dr. Sudhanshu Trivedi (2024-30)","Sitting Rajya Sabha","Uttar Pradesh","Rajya Sabha",147000000,74004164,33646948,50.34,14,53,26.42,40357216,28,28,0,"N/A"
"Shri Ghanshyam Tiwari (2022-28)","Sitting Rajya Sabha","Rajasthan","Rajya Sabha",196063957.11,95069374,45570943,48.49,30,88,34.09,49498431,190,181,9,"N/A"
"Shri Dilip Kumar Ray (2026-32)","Sitting Rajya Sabha","Odisha","Rajya Sabha",49000000,23400000,0,47.76,0,31,0,23400000,0,0,0,"N/A"
"Shri Narain Dass Gupta (2024-30)","Sitting Rajya Sabha","Delhi","Rajya Sabha",160837070,75478716,24703922,46.93,11,51,21.57,50774794,16,16,0,"N/A"
"Dr. Laxmikant Bajpayee (2022-28)","Sitting Rajya Sabha","Uttar Pradesh","Rajya Sabha",196000000,91115897,39061207,46.49,4,66,6.06,52054690,36,34,2,"N/A"
"Shri Samik Bhattacharya (2024-30)","Sitting Rajya Sabha","West Bengal","Rajya Sabha",147000000,68212785,28774223,46.4,10,51,19.61,39438562,28,24,4,"N/A"
"Shri Paka Venkata Satyanarayana (2025-28)","Sitting Rajya Sabha","Andhra Pradesh","Rajya Sabha",98000000,44480000,1599035,45.39,1,17,5.88,42880965,1,1,0,"N/A"
"Shri Sanjay Yadav (2024-30)","Sitting Rajya Sabha","Bihar","Rajya Sabha",186200000,80448000,0,43.21,0,54,0,80448000,0,0,0,"N/A"
"Shri Ajay Makan (2024-30)","Sitting Rajya Sabha","Karnataka","Rajya Sabha",147000000,61850000,35435523,42.07,2,14,14.29,26414477,10,10,0,"N/A"
"Shri Banshilal Gurjar (2024-30)","Sitting Rajya Sabha","Madhya Pradesh","Rajya Sabha",147000000,60975222,41674435,41.48,10,81,12.35,19300787,95,93,2,"N/A"
"Shri Akhilesh Prasad Singh (2024-30)","Sitting Rajya Sabha","Bihar","Rajya Sabha",186200000,76718211,62309563,41.2,38,58,65.52,14408648,50,48,2,"N/A"
"Dr. Ashok Kumar Mittal (2022-28)","Sitting Rajya Sabha","Punjab","Rajya Sabha",222487632.14,89539695,41939879,40.24,15,47,31.91,47599816,240,234,6,"N/A"
"Shri Debashish Samantaray (2026-30)","Sitting Rajya Sabha","Odisha","Rajya Sabha",23800006,9500000,0,39.92,0,15,0,9500000,0,0,0,"N/A"
"Smt. Adhikarimayum Sharda Devi (2026-32)","Sitting Rajya Sabha","Manipur","Rajya Sabha",49000000,19500000,1800000,39.8,0,10,0,17700000,1,1,0,"N/A"
"Smt. Mamata Thakur (2024-30)","Sitting Rajya Sabha","West Bengal","Rajya Sabha",147000000,54745853,44446422,37.24,51,60,85,10299431,55,55,0,"N/A"
"Shri Sajjad Ahmad Kichloo (2025-31)","Sitting Rajya Sabha","Jammu And Kashmir","Rajya Sabha",73500000,27292000,0,37.13,0,18,0,27292000,0,0,0,"N/A"
"Shri Manan Kumar Mishra (2024-28)","Sitting Rajya Sabha","Bihar","Rajya Sabha",235263957.11,86290519,39945301,36.68,31,88,35.23,46345218,40,39,1,"N/A"
"Shri Praveen Chakravarthy (2026-28)","Sitting Rajya Sabha","Tamil Nadu","Rajya Sabha",49356476.5,18000000,0,36.47,0,9,0,18000000,0,0,0,"N/A"
"Shri Ashok Singh (2024-30)","Sitting Rajya Sabha","Madhya Pradesh","Rajya Sabha",147000000,51750650,18362339,35.2,11,109,10.09,33388311,58,56,2,"N/A"
"Shri Jagat Prakash Nadda (2024-30)","Sitting Rajya Sabha","Gujarat","Rajya Sabha",147000000,49300000,2100000,33.54,0,74,0,47200000,5,4,1,"N/A"
"Shri Manas Ranjan Mangaraj (2022-28)","Sitting Rajya Sabha","Odisha","Rajya Sabha",196063957.11,64785000,13305000,33.04,23,131,17.56,51480000,31,31,0,"N/A"
"Smt. Renuka Chowdhury (2024-30)","Sitting Rajya Sabha","Telangana","Rajya Sabha",147000000,46720000,3061296,31.78,0,105,0,43658704,7,7,0,"N/A"
"Shri Ramdas Bandu Athawale (2026-32)","Sitting Rajya Sabha","Maharashtra","Rajya Sabha",49000000,15500000,0,31.63,0,7,0,15500000,0,0,0,"N/A"
"Shri Kartikeya Sharma (2022-28)","Sitting Rajya Sabha","Haryana","Rajya Sabha",196000000,61175297,1161226,31.21,0,62,0,60014071,2,2,0,"N/A"
"Shri Ashokrao Shankarrao Chavan (2024-30)","Sitting Rajya Sabha","Maharashtra","Rajya Sabha",147000000,43078446,8968982,29.31,2,33,6.06,34109464,8,8,0,"N/A"
"Smt. Jaya Amitabh Bachchan (2024-30)","Sitting Rajya Sabha","Uttar Pradesh","Rajya Sabha",147000000,42107001,21904185,28.64,10,23,43.48,20202816,21,21,0,"N/A"
"Shri S Niranjan Reddy (2022-28)","Sitting Rajya Sabha","Andhra Pradesh","Rajya Sabha",224621383.11,62802410,29522116,27.96,3,19,15.79,33280294,30,27,3,"N/A"
"Dr. Meenakshi Jain (2025-31)","Nominated Rajya Sabha","Delhi","Rajya Sabha",73500000,20186125,0,27.46,0,10,0,20186125,0,0,0,"N/A"
"Shri Golla Baburao (2024-30)","Sitting Rajya Sabha","Andhra Pradesh","Rajya Sabha",147000000,38518433,20341881,26.2,2,44,4.55,18176552,22,19,3,"N/A"
"Shri Lahar Singh Siroya (2022-28)","Sitting Rajya Sabha","Karnataka","Rajya Sabha",206278088.11,50804659,9964305,24.63,2,20,10,40840354,8,8,0,"N/A"
"Shri Milind Murli Deora (2024-30)","Sitting Rajya Sabha","Maharashtra","Rajya Sabha",147000000,36030000,999996,24.51,0,26,0,35030004,2,2,0,"N/A"
"Shri Kamal Haasan (2025-31)","Sitting Rajya Sabha","Tamil Nadu","Rajya Sabha",89248285.42,21200000,0,23.75,0,4,0,21200000,0,0,0,"N/A"
"Shri Ilaiyaraaja (2022-28)","Nominated Rajya Sabha","Tamil Nadu","Rajya Sabha",220563957.11,51956357,44381022,23.56,17,27,62.96,7575335,28,28,0,"N/A"
"Shri Pramod Boro (2026-32)","Sitting Rajya Sabha","Assam","Rajya Sabha",49000000,11500000,0,23.47,0,10,0,11500000,0,0,0,"N/A"
"Shri Sat Paul Sharma (2025-31)","Sitting Rajya Sabha","Jammu And Kashmir","Rajya Sabha",73500000,16083365,0,21.88,0,16,0,16083365,0,0,0,"N/A"
"Smt. Maya Chintaman Ivnate (2026-32)","Sitting Rajya Sabha","Maharashtra","Rajya Sabha",49000000,10000000,0,20.41,0,20,0,10000000,0,0,0,"N/A"
"Shri Rajeev Shukla (2022-28)","Sitting Rajya Sabha","Chhattisgarh","Rajya Sabha",271174394.23,52480000,40599928,19.35,4,30,13.33,11880072,35,33,2,"N/A"
"Shri Raghav Chadha (2022-28)","Sitting Rajya Sabha","Punjab","Rajya Sabha",237229207.25,44586378,35563356,18.79,4,6,66.67,9023022,35,34,1,"N/A"
"Shri B. Parthasaradhi Reddy (2022-28)","Sitting Rajya Sabha","Telangana","Rajya Sabha",244365104,45631636,5945528,18.67,6,25,24,39686108,7,7,0,"N/A"
"Shri Satnam Singh Sandhu (2024-30)","Nominated Rajya Sabha","Chandigarh","Rajya Sabha",147000000,21499970,9104144,14.63,4,24,16.67,12395826,59,58,1,"N/A"
"Dr. Santrupt Misra (2026-32)","Sitting Rajya Sabha","Odisha","Rajya Sabha",49000000,6480000,0,13.22,0,11,0,6480000,0,0,0,"N/A"
"Shri Upendra Kushwaha (2026-32)","Sitting Rajya Sabha","Bihar","Rajya Sabha",49000000,6426110,0,13.11,0,7,0,6426110,0,0,0,"N/A"
"Shri Harsh Vardhan Shringla (2025-31)","Nominated Rajya Sabha","West Bengal","Rajya Sabha",73500000,9510271,0,12.94,0,6,0,9510271,0,0,0,"N/A"
"Shri Neeraj Dangi (2026-32)","Sitting Rajya Sabha","Rajasthan","Rajya Sabha",49000000,4999842,0,10.2,0,4,0,4999842,0,0,0,"N/A"
"Shri Mansoor Ali Khan (2026-32)","Sitting Rajya Sabha","Karnataka","Rajya Sabha",49000000,4982000,0,10.17,0,3,0,4982000,0,0,0,"N/A"
"Shri Devendra Pratap Singh (2024-30)","Sitting Rajya Sabha","Chhattisgarh","Rajya Sabha",170837637.76,16036331,8275468,9.39,3,17,17.65,7760863,14,14,0,"N/A"
"Ms. Swati Maliwal (2024-30)","Sitting Rajya Sabha","Delhi","Rajya Sabha",147000000,10600000,0,7.21,0,3,0,10600000,0,0,0,"N/A"
"Shri Bhashyam Rama Krishna (2026-32)","Sitting Rajya Sabha","Andhra Pradesh","Rajya Sabha",49000000,3000000,0,6.12,0,1,0,3000000,0,0,0,"N/A"
"Shri Pawan Khera (2026-32)","Sitting Rajya Sabha","Karnataka","Rajya Sabha",49000000,2950000,0,6.02,0,3,0,2950000,0,0,0,"N/A"
"Smt. Laxmi Verma (2026-32)","Sitting Rajya Sabha","Chhattisgarh","Rajya Sabha",49000000,2500000,1250000,5.1,0,2,0,1250000,2,2,0,"N/A"
"Shri Chowdry Mohammad Ramzan (2025-31)","Sitting Rajya Sabha","Jammu And Kashmir","Rajya Sabha",73500000,2600000,0,3.54,0,2,0,2600000,0,0,0,"N/A"
"Shri Sanjay Kumar Jha (2024-30)","Sitting Rajya Sabha","Bihar","Rajya Sabha",186200000,6254795,5078584,3.36,4,6,66.67,1176211,6,6,0,"N/A"
"Shri Lingamaneni Ramesh (2026-32)","Sitting Rajya Sabha","Andhra Pradesh","Rajya Sabha",49000000,1200000,0,2.45,0,1,0,1200000,0,0,0,"N/A"
"Shri Sanjay Bhatia (2026-32)","Sitting Rajya Sabha","Haryana","Rajya Sabha",49000000,1100000,0,2.24,0,1,0,1100000,0,0,0,"N/A"
"Dr. Alka Singh (2026-32)","Sitting Rajya Sabha","Rajasthan","Rajya Sabha",49000000,0,0,0,0,0,0,0,0,0,0,"N/A"
"Shri Mallikarjun Kharge (2026-32)","Sitting Rajya Sabha","Karnataka","Rajya Sabha",49063957.11,0,0,0,0,0,0,0,0,0,0,"N/A"
"Dr. Anbumani Ramadoss (2026-32)","Sitting Rajya Sabha","Tamil Nadu","Rajya Sabha",49356476.5,0,0,0,0,0,0,0,0,0,0,"N/A"
"Shri James Pangsang Kongkal Sangma (2026-32)","Sitting Rajya Sabha","Meghalaya","Rajya Sabha",49000000,0,0,0,0,0,0,0,0,0,0,"N/A"
"Dr. Jyoti Nagnath Waghmare (2026-32)","Sitting Rajya Sabha","Maharashtra","Rajya Sabha",49000000,0,0,0,0,0,0,0,0,0,0,"N/A"
"Shri Gurwinder Singh Oberoi (2025-31)","Sitting Rajya Sabha","Jammu And Kashmir","Rajya Sabha",73500000,0,0,0,0,0,0,0,0,0,0,"N/A"
"Dr. Mukeshbhai J. Rathwa (2026-32)","Sitting Rajya Sabha","Gujarat","Rajya Sabha",49000000,0,0,0,0,0,0,0,0,0,0,"N/A"
"Shri Mahesh Kewat (2026-32)","Sitting Rajya Sabha","Madhya Pradesh","Rajya Sabha",49000000,0,0,0,0,0,0,0,0,0,0,"N/A"
"Shri M. Nagaraja (2026-32)","Sitting Rajya Sabha","Karnataka","Rajya Sabha",49000000,0,0,0,0,0,0,0,0,0,0,"N/A"
"Shri Karamvir Singh Singh Boudh (2026-32)","Sitting Rajya Sabha","Haryana","Rajya Sabha",49000000,0,0,0,0,0,0,0,0,0,0,"N/A"
"Shri Ujjwal Deorao Nikam (2025-31)","Nominated Rajya Sabha","Maharashtra","Rajya Sabha",73500000,0,0,0,0,0,0,0,0,0,0,"N/A"
"Shri L. K. Sudhish (2026-32)","Sitting Rajya Sabha","Tamil Nadu","Rajya Sabha",49356476.5,0,0,0,0,0,0,0,0,0,0,"N/A"
"Shri Khiangte Laltluangkima (2026-32)","Sitting Rajya Sabha","Mizoram","Rajya Sabha",24500000,0,0,0,0,0,0,0,0,0,0,"N/A"
"Dr. M. Thambi Durai (2026-32)","Sitting Rajya Sabha","Tamil Nadu","Rajya Sabha",49356476.5,0,0,0,0,0,0,0,0,0,0,"N/A"
"Shri Shivesh Kumar (2026-32)","Sitting Rajya Sabha","Bihar","Rajya Sabha",49000000,0,0,0,0,0,0,0,0,0,0,"N/A"
"Shri Anurag Sharma (2026-32)","Sitting Rajya Sabha","Himachal Pradesh","Rajya Sabha",49000000,0,0,0,0,0,0,0,0,0,0,"N/A"
"Shri Ramrao Sakharam Wadkute (2026-32)","Sitting Rajya Sabha","Maharashtra","Rajya Sabha",49000000,0,0,0,0,0,0,0,0,0,0,"N/A"
"Shri Rajneesh Kumar Agrawal (2026-32)","Sitting Rajya Sabha","Madhya Pradesh","Rajya Sabha",49000000,0,0,0,0,0,0,0,0,0,0,"N/A"
"Shri Rajinder Gupta (2025-28)","Sitting Rajya Sabha","Punjab","Rajya Sabha",49000000,0,0,0,0,0,0,0,0,0,0,"N/A"
"Shri Rajesh Parmanand Shukla (2026-32)","Sitting Rajya Sabha","Gujarat","Rajya Sabha",49000000,0,0,0,0,0,0,0,0,0,0,"N/A"
"Shri Rajeev Kumar (2026-32)","Sitting Rajya Sabha","West Bengal","Rajya Sabha",49000000,0,0,0,0,0,0,0,0,0,0,"N/A"
"Shri Sana Sathish Babu (2026-32)","Sitting Rajya Sabha","Andhra Pradesh","Rajya Sabha",49063978,0,0,0,0,0,0,0,0,0,0,"N/A"
"Shri Baidyanath Ram (2026-32)","Sitting Rajya Sabha","Jharkhand","Rajya Sabha",49000000,0,0,0,0,0,0,0,0,0,0,"N/A"
"Shri Prakash Chik Baraik (2026-29)","Sitting Rajya Sabha","West Bengal","Rajya Sabha",49662892,0,0,0,0,0,0,0,0,0,0,"N/A"
"Shri Parth Ajit Pawar (2026-32)","Sitting Rajya Sabha","Maharashtra","Rajya Sabha",49000000,0,0,0,0,0,0,0,0,0,0,"N/A"
"Shri Manmohan Samal (2026-32)","Sitting Rajya Sabha","Odisha","Rajya Sabha",49000000,0,0,0,0,0,0,0,0,0,0,"N/A"
"Shri Nitin Nabin (2026-32)","Sitting Rajya Sabha","Bihar","Rajya Sabha",49000000,0,0,0,0,0,0,0,0,0,0,"N/A"
"Shri Christopher Manickam (2026-32)","Sitting Rajya Sabha","Tamil Nadu","Rajya Sabha",49356476.5,0,0,0,0,0,0,0,0,0,0,"N/A"
"Shri Tai Tagak (2026-32)","Sitting Rajya Sabha","Arunachal Pradesh","Rajya Sabha",49000000,0,0,0,0,0,0,0,0,0,0,"N/A"
"Shri Tarun Chugh (2026-32)","Sitting Rajya Sabha","Madhya Pradesh","Rajya Sabha",49000000,0,0,0,0,0,0,0,0,0,0,"N/A"
"Shri Constandine Ravindran (2026-32)","Sitting Rajya Sabha","Tamil Nadu","Rajya Sabha",49356476.5,0,0,0,0,0,0,0,0,0,0,"N/A"
"Shri Terash Gowalla (2026-32)","Sitting Rajya Sabha","Assam","Rajya Sabha",49000000,0,0,0,0,0,0,0,0,0,0,"N/A"
"Shri Tiruchi Siva (2026-32)","Sitting Rajya Sabha","Tamil Nadu","Rajya Sabha",49356476.5,0,0,0,0,0,0,0,0,0,0,"N/A"
"Dr. Satish Poonia (2026-32)","Sitting Rajya Sabha","Rajasthan","Rajya Sabha",49000000,0,0,0,0,0,0,0,0,0,0,"N/A"
"Shri Vijay Chintakayala (2026-32)","Sitting Rajya Sabha","Andhra Pradesh","Rajya Sabha",49000000,0,0,0,0,0,0,0,0,0,0,"N/A"
"Shri Vinod Shridhar Tawde (2026-32)","Sitting Rajya Sabha","Maharashtra","Rajya Sabha",49000000,0,0,0,0,0,0,0,0,0,0,"N/A"